Name,Team,Role,Age,Country,Media,PR,PG,SF,PT,MIN,C,S,R,T,%,SC,R,T,%,R,T,%,Off,Dif,Tot,Dat,Sub,Per,Rec,Ass,Lega,OER,Adp,+/-,Url
Sergio Luigi,Pasta Reggia Caserta,Ala,27, ITA, Medie , , , ,0.8 ,3.5 ,0.8 ,0.3 ,0.0 ,0.3 , 0.0 ,0.0 ,0.3 ,0.8 , 33.3 ,0.0 ,0.0 , 0.0 ,0.3 ,0.3 ,0.6 ,0.0 ,0.0 ,0.3 ,0.0 ,0.0 ,-0.3 ,0.375 ,-0.3 ,-1.8 ,http://195.56.77.208/player/SER-LUI-88/sergio_luigi
Ray Allan,Granarolo Bologna,Guardia,30, USA, Medie , , , ,15.7 ,29.3 ,3.0 ,3.5 ,3.0 ,7.2 , 41.9 ,0.5 ,2.3 ,4.5 , 51.9 ,2.7 ,2.8 , 94.1 ,1.0 ,2.0 ,3 ,0.2 ,0.3 ,3.8 ,0.5 ,3.0 ,12.2 ,0.921 ,-0.3 ,-7.2 ,http://195.56.77.208/player/RAY-ALL-84/ray_allan
Taylor Donell,Grissin Bon Reggio Emilia,Guardia,32, USA, Medie , , , ,8.7 ,24.0 ,2.3 ,0.7 ,2.0 ,5.0 , 40.0 ,0.0 ,1.3 ,3.3 , 40.0 ,0.7 ,0.7 , 100.0 ,0.0 ,2.0 ,2 ,0.3 ,0.0 ,1.3 ,1.7 ,2.0 ,6.7 ,0.800 ,2.3 ,3.7 ,http://195.56.77.208/player/TAY-DON-82/taylor_donell
Silins Ojars,Grissin Bon Reggio Emilia,Ala,21, LAT,,,,,,,,,,,,,,,,,,,,,,,,,,,,,,,http://195.56.77.208/player/SIL-OJA-93/silins_ojars
Stone Julyan,Umana Reyer Venezia,Playmaker,26, USA, Medie , , , ,6.7 ,25.8 ,2.7 ,3.3 ,2.3 ,4.8 , 48.3 ,0.8 ,0.2 ,2.3 , 7.1 ,1.5 ,2.0 , 75.0 ,1.5 ,5.2 ,6.7 ,0.3 ,0.3 ,1.7 ,1.5 ,3.2 ,11.8 ,0.614 ,3.0 ,1.5 ,http://195.56.77.208/player/STO-JUL-88/stone_julyan
Vinciguerra Antonio,Pasta Reggia Caserta,Playmaker,17, ITA,,,,,,,,,,,,,,,,,,,,,,,,,,,,,,,http://195.56.77.208/player/VIN-ANT-97/vinciguerra_antonio
Spanghero Marco,Dolomiti Energia Trento,Play/Guardia,23, ITA, Medie , , , ,4.7 ,16.2 ,2.3 ,2.0 ,0.0 ,0.5 , 0.0 ,0.0 ,1.5 ,3.0 , 50.0 ,0.2 ,0.2 , 100.0 ,0.0 ,1.7 ,1.7 ,0.0 ,0.2 ,0.3 ,0.3 ,0.8 ,4.7 ,0.897 ,0.8 ,2.2 ,http://195.56.77.208/player/SPA-MAR-91/spanghero_marco
Rovatti Andrea,Grissin Bon Reggio Emilia,Guardia,18, ITA,,,,,,,,,,,,,,,,,,,,,,,,,,,,,,,http://195.56.77.208/player/ROV-AND/rovatti_andrea
Turner Elston,Enel Brindisi,Guardia,24, USA, Medie , , , ,11.8 ,28.5 ,2.3 ,1.0 ,3.0 ,5.2 , 58.1 ,0.0 ,1.7 ,4.8 , 34.5 ,0.8 ,1.0 , 83.3 ,0.7 ,3.3 ,4 ,0.3 ,0.7 ,0.7 ,0.8 ,2.5 ,11.3 ,1.067 ,2.7 ,0.5 ,http://195.56.77.208/player/TUR-ELS-90/turner_elston
Severini Luca,Giorgio Tesi Group Pistoia,Ala/Centro,18, ITA,,,,,,,,,,,,,,,,,,,,,,,,,,,,,,,http://195.56.77.208/player/SEV-LUC-96/severini_luca
Tealdi Francesco,Pasta Reggia Caserta,Ala,18, ITA,,,,,,,,,,,,,,,,,,,,,,,,,,,,,,,http://195.56.77.208/player/TEA-FRA/tealdi_francesco
Logan David,Banco di Sardegna Sassari,Guardia,32, USA, Medie , , , ,19.6 ,32.8 ,2.8 ,2.2 ,4.4 ,7.4 , 59.5 ,0.4 ,3.2 ,7.2 , 44.4 ,1.2 ,1.8 , 66.7 ,0.4 ,3.0 ,3.4 ,0.4 ,1.0 ,2.0 ,2.2 ,3.2 ,17.6 ,1.119 ,3.4 ,5.8 ,http://195.56.77.208/player/LOG-DAV-82/logan_david
Musso Bernardo,Consultinvest Pesaro,Guardia,29, ARG, Medie , , , ,12.4 ,25.2 ,2.2 ,2.4 ,1.6 ,2.0 , 80.0 ,0.0 ,2.6 ,6.0 , 43.3 ,1.4 ,2.0 , 70.0 ,0.8 ,2.0 ,2.8 ,0.2 ,0.0 ,1.0 ,0.6 ,2.0 ,12.8 ,1.231 ,1.6 ,-8.0 ,http://195.56.77.208/player/Mus-Ber-86/musso_bernardo
Mordente Marco,Pasta Reggia Caserta,Guardia,36, ITA, Medie , , , ,3.7 ,23.5 ,2.8 ,2.3 ,0.2 ,1.7 , 10.0 ,0.0 ,1.0 ,2.2 , 46.2 ,0.3 ,0.3 , 100.0 ,0.8 ,1.7 ,2.5 ,0.0 ,0.2 ,1.3 ,0.7 ,2.2 ,4.3 ,0.731 ,1.5 ,-2.8 ,http://195.56.77.208/player/MOR-MAR-79/mordente_marco
Pastori Manuel,EA7 Emporio Armani Milano,Ala,18, ITA,,,,,,,,,,,,,,,,,,,,,,,,,,,,,,,http://195.56.77.208/player/PAS-MAN/pastori_manuel
Ivanov Dejan,Enel Brindisi,Centro,29, BUL, Medie , , , ,5.7 ,19.5 ,1.2 ,3.0 ,1.8 ,2.8 , 64.7 ,0.0 ,0.2 ,1.5 , 11.1 ,1.5 ,2.0 , 75.0 ,1.5 ,2.7 ,4.2 ,0.2 ,0.2 ,1.3 ,0.7 ,1.5 ,9.7 ,0.849 ,0.8 ,2.7 ,http://195.56.77.208/player/IVA-DEJ-86/ivanov_dejan
Morgan Jordan,Acea Roma,Centro,23, USA, Medie , , , ,9.2 ,21.3 ,3.3 ,1.7 ,3.5 ,7.2 , 48.8 ,0.3 ,0.0 ,0.0 , 0.0 ,2.2 ,2.8 , 76.5 ,4.0 ,4.0 ,8 ,0.3 ,0.3 ,2.3 ,1.2 ,0.5 ,10.5 ,0.822 ,-0.7 ,2.5 ,http://195.56.77.208/player/MOR-JOR-91/morgan_jordan
Gentile Alessandro,EA7 Emporio Armani Milano,Guardia,22, ITA, Medie , , , ,14.2 ,30.2 ,2.3 ,3.8 ,4.7 ,8.2 , 57.1 ,0.8 ,0.7 ,3.2 , 21.1 ,2.8 ,3.2 , 89.5 ,0.3 ,3.0 ,3.3 ,0.2 ,0.0 ,3.8 ,0.5 ,2.5 ,12.0 ,0.836 ,-0.8 ,9.3 ,http://195.56.77.208/player/GEN-ALE-92/gentile_alessandro
Diawara Yakhouba,Openjobmetis Varese,Ala,32, FRA, Medie , , , ,23.2 ,36.7 ,3.8 ,5.0 ,5.0 ,9.3 , 53.6 ,0.8 ,2.5 ,7.7 , 32.6 ,5.7 ,7.3 , 77.3 ,2.2 ,3.0 ,5.2 ,0.0 ,0.2 ,2.0 ,1.2 ,3.0 ,20.3 ,1.022 ,2.2 ,5.5 ,http://195.56.77.208/player/DIA-YAK-82/diawara_yakhouba
Kangur Kristjan,Openjobmetis Varese,Ala,32, EST, Medie , , , ,15.7 ,40.3 ,4.3 ,4.0 ,1.7 ,5.0 , 33.3 ,0.0 ,3.0 ,6.3 , 47.4 ,3.3 ,3.3 , 100.0 ,4.7 ,4.3 ,9 ,0.0 ,0.3 ,1.7 ,2.3 ,3.7 ,21.7 ,1.094 ,4.3 ,2.0 ,http://195.56.77.208/player/KAN-KRI-82/kangur_kristjan
Cuccarolo Gino,Granarolo Bologna,Centro,27, ITA, Medie , , , ,2.0 ,6.5 ,1.0 ,0.8 ,0.8 ,1.3 , 62.5 ,0.3 ,0.0 ,0.0 , 0.0 ,0.3 ,0.7 , 50.0 ,0.8 ,1.2 ,2 ,0.3 ,0.0 ,1.0 ,0.0 ,0.2 ,2.5 ,0.503 ,-0.8 ,-1.8 ,http://195.56.77.208/player/CUC-GIN-87/cuccarolo_gino
Williams C.J.,Giorgio Tesi Group Pistoia,Guardia,25, USA, Medie , , , ,12.3 ,30.3 ,2.3 ,2.0 ,3.3 ,8.2 , 40.8 ,0.2 ,1.5 ,4.0 , 37.5 ,1.2 ,1.7 , 70.0 ,0.7 ,3.7 ,4.4 ,1.2 ,0.7 ,2.8 ,0.7 ,2.8 ,9.7 ,0.756 ,0.7 ,-3.3 ,http://195.56.77.208/player/WIL-CJ-90/williams_c_j
Ortner Benjamin,Umana Reyer Venezia,Centro,32, AUT, Medie , , , ,7.3 ,17.7 ,2.5 ,1.5 ,3.0 ,4.3 , 69.2 ,0.0 ,0.0 ,0.0 , 0.0 ,1.3 ,1.5 , 88.9 ,2.2 ,1.7 ,3.9 ,0.8 ,0.3 ,1.5 ,0.7 ,1.5 ,9.8 ,1.218 ,0.7 ,3.3 ,http://195.56.77.208/player/ORT-BEN-83/ortner_benjamin
Vescovi Edoardo,Openjobmetis Varese,Ala,19, ITA,,,,,,,,,,,,,,,,,,,,,,,,,,,,,,,http://195.56.77.208/player/VES-EDO/vescovi_edoardo
Strati Marco,Upea Capo d'Orlando,Playmaker,19, ITA, Medie , , , ,0.0 ,1.0 ,0.0 ,0.0 ,0.0 ,0.0 , 0.0 ,0.0 ,0.0 ,0.0 , 0.0 ,0.0 ,0.0 , 0.0 ,0.0 ,0.0 ,0 ,0.0 ,0.0 ,0.0 ,0.0 ,0.0 ,0.0 ,0.000 ,0.0 ,3.0 ,http://195.56.77.208/player/STR-MAR-95/strati_marco
Veccia Francesco,Grissin Bon Reggio Emilia,Playmaker,21, ITA,,,,,,,,,,,,,,,,,,,,,,,,,,,,,,,http://195.56.77.208/player/VEC-FRA-93/veccia_francesco
Nicevic Sandro,Upea Capo d'Orlando,Centro,38, CRO, Medie , , , ,7.2 ,15.0 ,2.8 ,2.5 ,2.7 ,5.5 , 48.5 ,0.2 ,0.2 ,0.2 , 100.0 ,1.3 ,1.7 , 80.0 ,0.8 ,2.2 ,3 ,0.2 ,0.2 ,1.0 ,0.7 ,1.2 ,7.5 ,0.925 ,0.8 ,0.0 ,http://195.56.77.208/player/Nic-San-76/nicevic_sandro
Williams Kendall,Consultinvest Pesaro,Playmaker,23, USA, Medie , , , ,9.2 ,30.8 ,3.8 ,2.6 ,3.4 ,6.0 , 56.7 ,0.0 ,0.6 ,2.6 , 23.1 ,0.6 ,2.0 , 30.0 ,2.2 ,1.2 ,3.4 ,0.0 ,0.2 ,2.2 ,1.2 ,2.2 ,6.4 ,0.777 ,1.2 ,-8.4 ,http://195.56.77.208/player/WIL-KEN-91/williams_kendall
Sanders Jamarr,Dolomiti Energia Trento,Guardia,26, USA, Medie , , , ,9.8 ,25.3 ,2.5 ,2.2 ,2.7 ,4.7 , 57.1 ,0.2 ,1.2 ,4.0 , 29.2 ,1.0 ,1.7 , 60.0 ,0.8 ,2.3 ,3.1 ,0.0 ,0.7 ,2.0 ,1.2 ,2.2 ,7.8 ,0.872 ,1.3 ,1.3 ,http://195.56.77.208/player/SAN-JAM-88/sanders_jamarr
Stipcevic Rok,Acea Roma,Playmaker,28, SLO, Medie , , , ,11.5 ,26.2 ,2.5 ,3.5 ,0.8 ,2.3 , 35.7 ,0.0 ,1.8 ,6.2 , 29.7 ,4.3 ,4.5 , 96.3 ,0.7 ,2.5 ,3.2 ,0.0 ,0.5 ,1.8 ,1.2 ,3.0 ,11.5 ,0.924 ,2.3 ,-8.0 ,http://195.56.77.208/player/STI-ROK-86/stipcevic_rok
Severini Giovanni,Sidigas Avellino,Ala,21, ITA, Medie , , , ,0.0 ,1.0 ,0.0 ,0.0 ,0.0 ,0.0 , 0.0 ,0.0 ,0.0 ,0.0 , 0.0 ,0.0 ,0.0 , 0.0 ,0.0 ,0.0 ,0 ,0.0 ,0.0 ,0.0 ,0.0 ,0.0 ,0.0 ,0.000 ,0.0 ,-5.0 ,http://195.56.77.208/player/SEV-GIO-93/severini_giovanni
Flynn Jonny,Upea Capo d'Orlando,Playmaker,26, USA, Medie , , , ,6.5 ,27.0 ,1.0 ,1.5 ,2.0 ,5.5 , 36.4 ,0.0 ,0.5 ,2.5 , 20.0 ,1.0 ,1.5 , 66.7 ,1.0 ,2.5 ,3.5 ,0.0 ,0.5 ,2.0 ,0.5 ,2.5 ,5.0 ,0.611 ,1.0 ,-10.0 ,http://195.56.77.208/player/FLY-JON-89/flynn_jonny
Affia Francois,Openjobmetis Varese,Centro,21, CMR,,,,,,,,,,,,,,,,,,,,,,,,,,,,,,,http://195.56.77.208/player/AFF-FRA-93/affia_francois
Kaukenas Rimantas,Grissin Bon Reggio Emilia,Guardia,38, LIT, Medie , , , ,14.5 ,28.0 ,2.5 ,2.5 ,3.3 ,5.3 , 62.5 ,0.0 ,1.8 ,3.7 , 50.0 ,2.3 ,2.7 , 87.5 ,0.5 ,1.5 ,2 ,0.2 ,0.0 ,3.0 ,1.0 ,2.5 ,13.0 ,1.139 ,0.5 ,3.5 ,http://195.56.77.208/player/KAU-RIM-77/kaukenas_rimantas
Bolpin Riccardo,Umana Reyer Venezia,Playmaker,18, ITA,,,,,,,,,,,,,,,,,,,,,,,,,,,,,,,http://195.56.77.208/player/BOL-RIC-97/bolpin_riccardo
Testa Filippo,Openjobmetis Varese,Guardia,17, ITA, Medie , , , ,0.0 ,1.0 ,0.0 ,0.0 ,0.0 ,0.0 , 0.0 ,0.0 ,0.0 ,0.0 , 0.0 ,0.0 ,0.0 , 0.0 ,0.0 ,0.0 ,0 ,0.0 ,0.0 ,0.0 ,0.0 ,0.0 ,0.0 ,0.000 ,0.0 ,-2.0 ,http://195.56.77.208/player/TES-FIL/testa_filippo
Cadougan Junior,Sidigas Avellino,Playmaker,24, CAN, Medie , , , ,0.0 ,6.3 ,1.0 ,0.3 ,0.0 ,1.0 , 0.0 ,0.0 ,0.0 ,0.3 , 0.0 ,0.0 ,0.5 , 0.0 ,0.0 ,0.5 ,0.5 ,0.0 ,0.3 ,0.3 ,0.3 ,0.3 ,-2.0 ,0.000 ,0.3 ,0.3 ,http://195.56.77.208/player/CAD-JUN-90/cadougan_junior
Caverni Michele,Consultinvest Pesaro,Guardia,18, ITA,,,,,,,,,,,,,,,,,,,,,,,,,,,,,,,http://195.56.77.208/player/CAV-MIC/caverni_michele
Sacchetti Brian,Banco di Sardegna Sassari,Ala,28, ITA, Medie , , , ,5.0 ,15.8 ,1.2 ,1.8 ,0.4 ,1.0 , 40.0 ,0.0 ,0.6 ,1.6 , 37.5 ,2.4 ,2.4 , 100.0 ,0.8 ,2.8 ,3.6 ,0.4 ,0.0 ,0.6 ,0.6 ,0.6 ,8.6 ,1.285 ,0.6 ,1.6 ,http://195.56.77.208/player/SAC-BRI-86/sacchetti_brian
Pietrini Umberto,Openjobmetis Varese,Guardia,18, ITA,,,,,,,,,,,,,,,,,,,,,,,,,,,,,,,http://195.56.77.208/player/PIE-UMB-96/pietrini_umberto
Polonara Achille,Grissin Bon Reggio Emilia,Ala,23, ITA, Medie , , , ,11.8 ,33.2 ,1.5 ,3.0 ,2.8 ,5.5 , 51.5 ,0.7 ,1.5 ,3.5 , 42.9 ,1.7 ,2.7 , 62.5 ,1.8 ,8.7 ,10.5 ,1.2 ,0.3 ,0.7 ,1.0 ,2.0 ,21.3 ,1.090 ,2.3 ,5.8 ,http://195.56.77.208/player/POL-ACH-91/polonara_achille
Pecile Andrea,Upea Capo d'Orlando,Playmaker,35, ITA, Medie , , , ,3.0 ,18.2 ,1.2 ,2.2 ,0.5 ,2.0 , 25.0 ,0.0 ,0.3 ,1.7 , 20.0 ,1.0 ,1.0 , 100.0 ,0.2 ,2.5 ,2.7 ,0.0 ,0.3 ,1.5 ,0.7 ,1.0 ,3.7 ,0.388 ,0.2 ,-1.7 ,http://195.56.77.208/player/PEC-AND-80/pecile_andrea
Campani Luca,Vanoli Cremona,Ala/Centro,25, ITA, Medie , , , ,9.5 ,25.2 ,2.3 ,3.3 ,2.7 ,4.3 , 61.5 ,0.2 ,0.5 ,1.0 , 50.0 ,2.7 ,3.2 , 84.2 ,2.2 ,1.7 ,3.9 ,0.5 ,0.3 ,0.8 ,0.5 ,0.3 ,11.8 ,1.176 ,0.0 ,7.7 ,http://195.56.77.208/player/CAM-LUC/campani_luca
Cortese Riccardo,Sidigas Avellino,Guardia/Ala,28, ITA, Medie , , , ,2.8 ,7.4 ,0.8 ,0.0 ,0.2 ,1.2 , 16.7 ,0.0 ,0.8 ,1.4 , 57.1 ,0.0 ,0.0 , 0.0 ,0.0 ,1.0 ,1 ,0.0 ,0.2 ,0.8 ,0.2 ,0.2 ,0.8 ,1.020 ,-0.4 ,-4.6 ,http://195.56.77.208/player/COR-RIC/cortese_riccardo
Lawal Shane,Banco di Sardegna Sassari,Centro,28, NIG, Medie , , , ,8.6 ,26.4 ,2.6 ,2.2 ,4.0 ,6.2 , 64.5 ,2.4 ,0.0 ,0.0 , 0.0 ,0.6 ,1.6 , 37.5 ,2.4 ,5.4 ,7.8 ,2.0 ,0.0 ,2.0 ,0.8 ,1.0 ,14.6 ,0.906 ,-0.2 ,10.2 ,http://195.56.77.208/player/LAW-SHA-86/lawal_shane
Tommasini Claudio,Pasta Reggia Caserta,Playmaker,23, ITA, Medie , , , ,1.8 ,15.2 ,1.7 ,1.3 ,0.3 ,1.0 , 33.3 ,0.0 ,0.2 ,2.2 , 7.7 ,0.7 ,0.8 , 80.0 ,0.3 ,1.0 ,1.3 ,0.2 ,0.3 ,0.8 ,1.0 ,1.2 ,1.2 ,0.348 ,1.3 ,-6.2 ,http://195.56.77.208/player/TOM-CLA/tommasini_claudio
Gaines Frank,Pasta Reggia Caserta,Guardia,24, USA, Medie , , , ,10.2 ,25.5 ,3.2 ,2.3 ,1.8 ,4.8 , 37.9 ,0.0 ,1.5 ,4.8 , 31.0 ,2.0 ,2.5 , 80.0 ,0.2 ,2.2 ,2.4 ,0.2 ,0.5 ,2.0 ,0.2 ,0.3 ,3.0 ,0.764 ,-1.5 ,-8.7 ,http://195.56.77.208/player/GAI-FRA-90/gaines_frank
Pascolo Davide,Dolomiti Energia Trento,Ala,24, ITA, Medie , , , ,10.8 ,26.7 ,2.2 ,2.0 ,4.2 ,8.5 , 49.0 ,0.0 ,0.3 ,1.5 , 22.2 ,1.5 ,1.7 , 90.0 ,3.8 ,4.3 ,8.1 ,1.2 ,0.2 ,1.7 ,1.2 ,1.5 ,15.2 ,0.861 ,1.0 ,3.8 ,http://195.56.77.208/player/PAS-DAV-90/pascolo_davide
Imbrò Matteo,Granarolo Bologna,Playmaker,21, ITA, Medie , , , ,4.8 ,15.2 ,1.5 ,1.3 ,0.3 ,1.0 , 33.3 ,0.0 ,1.0 ,2.5 , 40.0 ,1.2 ,1.3 , 87.5 ,0.3 ,2.2 ,2.5 ,0.0 ,0.2 ,0.7 ,0.8 ,1.3 ,6.2 ,1.060 ,1.5 ,1.0 ,http://195.56.77.208/player/IMB-MAT-94/imbr__matteo
Moore Ronald,Pasta Reggia Caserta,Playmaker,26, USA, Medie , , , ,6.8 ,36.7 ,2.8 ,2.5 ,1.7 ,4.7 , 35.7 ,0.0 ,0.8 ,3.8 , 21.7 ,1.0 ,1.2 , 85.7 ,1.3 ,2.8 ,4.1 ,0.0 ,0.2 ,3.7 ,2.5 ,5.8 ,9.0 ,0.482 ,4.7 ,-6.7 ,http://195.56.77.208/player/MOO-RON-88/moore_ronald
Magro Daniele,Giorgio Tesi Group Pistoia,Centro,27, ITA, Medie , , , ,4.4 ,11.6 ,1.6 ,1.8 ,1.4 ,2.8 , 50.0 ,0.2 ,0.0 ,0.2 , 0.0 ,1.6 ,1.8 , 88.9 ,1.0 ,1.6 ,2.6 ,0.2 ,0.0 ,0.4 ,0.2 ,0.2 ,5.6 ,1.006 ,0.0 ,-3.0 ,http://195.56.77.208/player/MAG-DAN-87/magro_daniele
Kleiza Linas,EA7 Emporio Armani Milano,Ala,30, LIT, Medie , , , ,11.0 ,22.2 ,2.5 ,0.8 ,1.7 ,3.0 , 55.6 ,0.0 ,2.0 ,4.0 , 50.0 ,1.7 ,1.8 , 90.9 ,1.2 ,3.2 ,4.4 ,0.0 ,0.2 ,1.2 ,0.2 ,1.0 ,10.0 ,1.117 ,0.0 ,5.0 ,http://195.56.77.208/player/KLE-LIN-85/kleiza_linas
Gazzotti Giulio,Vanoli Cremona,Ala,23, ITA, Medie , , , ,1.7 ,10.8 ,1.8 ,0.3 ,0.3 ,0.7 , 50.0 ,0.2 ,0.3 ,1.2 , 28.6 ,0.0 ,0.0 , 0.0 ,0.7 ,0.7 ,1.4 ,0.0 ,0.0 ,1.0 ,0.2 ,0.2 ,-0.3 ,0.775 ,-0.7 ,-0.8 ,http://195.56.77.208/player/GAZ-GIU-91/gazzotti_giulio
Lagana' Marco,Acqua Vitasnella CantÃ¹,Play/Guardia,22, ITA,,,,,,,,,,,,,,,,,,,,,,,,,,,,,,,http://195.56.77.208/player/LAG-MAR-93/lagana__marco
Johnson Linton,Giorgio Tesi Group Pistoia,Centro,34, USA, Medie , , , ,10.7 ,28.7 ,1.5 ,2.3 ,3.7 ,6.8 , 53.7 ,1.7 ,0.3 ,0.8 , 40.0 ,2.3 ,2.5 , 93.3 ,2.2 ,5.3 ,7.5 ,1.2 ,0.0 ,1.8 ,1.2 ,0.5 ,16.2 ,0.989 ,-0.2 ,-1.2 ,http://195.56.77.208/player/JOH-LIN-80/johnson_linton
Di Salvatore Matteo,Enel Brindisi,Playmaker,18, ITA,,,,,,,,,,,,,,,,,,,,,,,,,,,,,,,http://195.56.77.208/player/DIS-MAT/di_salvatore_matteo
Hanga Adam,Sidigas Avellino,Ala,25, UNG, Medie , , , ,11.5 ,30.3 ,3.2 ,2.8 ,3.7 ,8.2 , 44.9 ,0.8 ,1.2 ,3.8 , 30.4 ,0.7 ,1.2 , 57.1 ,1.5 ,3.5 ,5 ,0.5 ,0.3 ,1.0 ,2.2 ,2.7 ,12.5 ,0.861 ,3.8 ,4.8 ,http://195.56.77.208/player/HAN-ADA-89/hanga_adam
Tinsley Thomas,Umana Reyer Venezia,Playmaker,19, ITA,,,,,,,,,,,,,,,,,,,,,,,,,,,,,,,http://195.56.77.208/player/TIN-THO-96/tinsley_thomas
Zugno Ruben,Acqua Vitasnella CantÃ¹,Playmaker,18, ITA,,,,,,,,,,,,,,,,,,,,,,,,,,,,,,,http://195.56.77.208/player/ZUG-RUB/zugno_ruben
Scott Carleton,Pasta Reggia Caserta,Ala,26, USA, Medie , , , ,9.5 ,29.0 ,3.0 ,0.8 ,1.7 ,2.8 , 58.8 ,0.5 ,1.8 ,5.0 , 36.7 ,0.7 ,0.8 , 80.0 ,0.8 ,4.8 ,5.6 ,0.5 ,0.2 ,1.8 ,1.8 ,1.2 ,10.0 ,0.868 ,1.2 ,-6.7 ,http://195.56.77.208/player/SCO-CAR-88/scott_carleton
Gigli Angelo,EA7 Emporio Armani Milano,Centro,31, RSA, Medie , , , ,0.0 ,6.0 ,0.0 ,0.0 ,0.0 ,0.0 , 0.0 ,0.0 ,0.0 ,0.0 , 0.0 ,0.0 ,0.0 , 0.0 ,0.0 ,0.0 ,0 ,0.0 ,0.0 ,0.0 ,0.0 ,0.0 ,0.0 ,0.000 ,0.0 ,-3.0 ,http://195.56.77.208/player/GIG-ANG-83/gigli_angelo
Viggiano Jeff,Umana Reyer Venezia,Ala,30, USA, Medie , , , ,14.7 ,28.5 ,2.2 ,2.2 ,3.3 ,5.0 , 66.7 ,0.8 ,1.8 ,4.2 , 44.0 ,2.5 ,3.3 , 75.0 ,1.3 ,3.3 ,4.6 ,0.3 ,0.2 ,2.3 ,1.2 ,2.0 ,15.5 ,1.094 ,0.8 ,0.3 ,http://195.56.77.208/player/VIG-JEF-84/viggiano_jeff
Vitali Michele,Pasta Reggia Caserta,Guardia,23, ITA,,,,,,,,,,,,,,,,,,,,,,,,,,,,,,,http://195.56.77.208/player/VIT-MIC/vitali_michele
Tessitori Amedeo,Banco di Sardegna Sassari,Ala,20, ITA,,,,,,,,,,,,,,,,,,,,,,,,,,,,,,,http://195.56.77.208/player/TES-AME-94/tessitori_amedeo
Simmons Cedric,Enel Brindisi,Ala/Centro,29, USA, Medie , , , ,6.0 ,18.0 ,1.0 ,0.0 ,3.0 ,3.0 , 100.0 ,1.0 ,0.0 ,0.0 , 0.0 ,0.0 ,0.0 , 0.0 ,2.0 ,3.0 ,5 ,1.0 ,0.0 ,2.0 ,0.0 ,1.0 ,10.0 ,1.200 ,-1.0 ,-7.0 ,http://195.56.77.208/player/SIM-CED-86/simmons_cedric
Vercesi  Davide,EA7 Emporio Armani Milano,Guardia,18, ITA,,,,,,,,,,,,,,,,,,,,,,,,,,,,,,,http://195.56.77.208/player/VER-DAV/vercesi__davide
Owens Josh,Dolomiti Energia Trento,Ala/Centro,26, USA, Medie , , , ,13.5 ,30.7 ,2.7 ,1.7 ,6.3 ,11.0 , 57.6 ,2.5 ,0.0 ,0.0 , 0.0 ,0.8 ,1.7 , 50.0 ,3.0 ,3.5 ,6.5 ,0.8 ,0.3 ,2.3 ,0.7 ,0.8 ,13.2 ,0.914 ,-0.8 ,1.5 ,http://195.56.77.208/player/OWE-JOS-88/owens_josh
Spera Andrea,Pasta Reggia Caserta,Centro,18, ITA,,,,,,,,,,,,,,,,,,,,,,,,,,,,,,,http://195.56.77.208/player/SPE-AND/spera_andrea
Cinciarini Daniele,Giorgio Tesi Group Pistoia,Guardia,31, ITA, Medie , , , ,12.0 ,27.0 ,2.0 ,3.3 ,3.0 ,6.8 , 43.9 ,0.2 ,1.2 ,4.2 , 28.0 ,2.5 ,3.2 , 79.0 ,1.3 ,2.0 ,3.3 ,0.0 ,1.0 ,1.7 ,1.2 ,2.0 ,9.7 ,0.836 ,1.5 ,0.8 ,http://195.56.77.208/player/CIN-DAN-83/cinciarini_daniele
Fioravanti Matteo,Acqua Vitasnella CantÃ¹,Guardia/Ala,17, ITA,,,,,,,,,,,,,,,,,,,,,,,,,,,,,,,http://195.56.77.208/player/FIO-MAT/fioravanti_matteo
Milbourne Landon,Giorgio Tesi Group Pistoia,Ala,27, USA, Medie , , , ,9.7 ,30.0 ,3.0 ,1.5 ,3.2 ,5.5 , 57.6 ,0.3 ,0.8 ,2.7 , 31.3 ,0.8 ,1.0 , 83.3 ,2.3 ,4.0 ,6.3 ,0.7 ,0.3 ,1.5 ,0.7 ,0.8 ,10.5 ,0.906 ,0.0 ,-4.5 ,http://195.56.77.208/player/MIL-LAN-87/milbourne_landon
Palladino Vincenzo,Pasta Reggia Caserta,Ala,17, ITA,,,,,,,,,,,,,,,,,,,,,,,,,,,,,,,http://195.56.77.208/player/PAL-VIN-97/palladino_vincenzo
Zerini Andrea,Enel Brindisi,Ala,26, ITA, Medie , , , ,6.0 ,19.2 ,3.4 ,0.8 ,1.2 ,1.8 , 66.7 ,0.0 ,1.0 ,1.8 , 55.6 ,0.6 ,0.8 , 75.0 ,0.8 ,2.0 ,2.8 ,0.4 ,0.0 ,0.0 ,0.6 ,0.6 ,6.2 ,1.533 ,1.2 ,6.2 ,http://195.56.77.208/player/ZER-AND-88/zerini_andrea
Tassinari Andrea,Granarolo Bologna,Playmaker,18, ITA,,,,,,,,,,,,,,,,,,,,,,,,,,,,,,,http://195.56.77.208/player/TAS-AND/tassinari_andrea
Trasolini Marc,Sidigas Avellino,Ala,24, CAN, Medie , , , ,1.5 ,13.2 ,1.2 ,0.5 ,0.7 ,2.0 , 33.3 ,0.3 ,0.0 ,0.2 , 0.0 ,0.2 ,0.7 , 25.0 ,1.2 ,1.0 ,2.2 ,0.5 ,0.3 ,0.5 ,0.2 ,0.5 ,1.3 ,0.639 ,0.2 ,-4.7 ,http://195.56.77.208/player/TRA-MAR-90/trasolini_marc
Ross LaQuinton,Consultinvest Pesaro,Ala,23, USA, Medie , , , ,15.8 ,29.0 ,3.2 ,4.2 ,5.0 ,10.0 , 50.0 ,0.2 ,0.6 ,3.0 , 20.0 ,4.0 ,4.8 , 83.3 ,1.4 ,2.6 ,4 ,0.2 ,0.0 ,4.8 ,0.4 ,1.2 ,9.6 ,0.736 ,-3.2 ,-14.8 ,http://195.56.77.208/player/ROS-LAQ-91/ross_laquinton
Bozzetti Andrea,Vanoli Cremona,Guardia/Ala,18, ITA,,,,,,,,,,,,,,,,,,,,,,,,,,,,,,,http://195.56.77.208/player/BOZ-AND/bozzetti_andrea
Lavrinovic Darius,Grissin Bon Reggio Emilia,Ala/Centro,35, LIT,,,,,,,,,,,,,,,,,,,,,,,,,,,,,,,http://195.56.77.208/player/LAV-DAR-79/lavrinovic_darius
Kushchev Oleksandr,Acea Roma,Centro,25, UCR,,,,,,,,,,,,,,,,,,,,,,,,,,,,,,,http://195.56.77.208/player/KUS-OLE-90/kushchev_oleksandr
Mays James,Enel Brindisi,Centro,29, USA, Medie , , , ,15.0 ,25.0 ,2.0 ,4.5 ,6.0 ,10.0 , 60.0 ,1.5 ,0.0 ,0.0 , 0.0 ,3.0 ,6.0 , 50.0 ,3.5 ,8.0 ,11.5 ,1.5 ,0.0 ,3.5 ,0.0 ,2.0 ,22.0 ,0.933 ,-1.5 ,9.5 ,http://195.56.77.208/player/MAY-JAM-86/mays_james
Young Sam,Pasta Reggia Caserta,Ala,29, USA, Medie , , , ,22.8 ,33.2 ,2.2 ,6.0 ,8.0 ,13.6 , 58.8 ,1.2 ,0.8 ,3.8 , 21.1 ,4.4 ,5.8 , 75.9 ,2.0 ,5.8 ,7.8 ,0.4 ,0.8 ,3.6 ,2.6 ,1.6 ,24.6 ,0.962 ,0.6 ,-4.8 ,http://195.56.77.208/player/YOU-SAM-85/young_sam
Cerella Bruno,EA7 Emporio Armani Milano,Guardia,28, ARG, Medie , , , ,0.3 ,7.5 ,0.7 ,0.2 ,0.2 ,0.3 , 50.0 ,0.0 ,0.0 ,0.7 , 0.0 ,0.0 ,0.0 , 0.0 ,0.0 ,0.7 ,0.7 ,0.0 ,0.2 ,0.3 ,0.3 ,0.5 ,0.0 ,0.167 ,0.5 ,-3.8 ,http://195.56.77.208/player/Cer-Bru-86/cerella_bruno
Buva Ivan,Acqua Vitasnella CantÃ¹,Ala,23, CRO, Medie , , , ,6.2 ,18.2 ,1.3 ,2.3 ,2.2 ,4.7 , 46.4 ,0.2 ,0.5 ,0.5 , 100.0 ,0.3 ,0.5 , 66.7 ,1.3 ,3.7 ,5 ,0.2 ,0.3 ,0.3 ,0.3 ,1.0 ,10.3 ,0.946 ,1.0 ,-2.2 ,http://195.56.77.208/player/BUV-IVA-91/buva_ivan
Mussini Federico,Grissin Bon Reggio Emilia,Playmaker,18, ITA, Medie , , , ,8.2 ,28.0 ,3.0 ,1.0 ,0.6 ,2.2 , 27.3 ,0.0 ,2.2 ,4.0 , 55.0 ,0.4 ,0.6 , 66.7 ,0.2 ,1.0 ,1.2 ,0.0 ,0.2 ,1.8 ,0.8 ,1.0 ,3.6 ,0.985 ,0.0 ,1.8 ,http://195.56.77.208/player/MUS-FED-96/mussini_federico
Reddic Juvonte,Consultinvest Pesaro,Ala/Centro,22, USA, Medie , , , ,8.0 ,24.4 ,2.2 ,1.4 ,3.2 ,5.0 , 64.0 ,0.0 ,0.0 ,0.2 , 0.0 ,1.6 ,2.2 , 72.7 ,1.4 ,3.8 ,5.2 ,0.0 ,0.0 ,2.0 ,1.2 ,0.2 ,9.2 ,0.971 ,-0.6 ,-5.2 ,http://195.56.77.208/player/RED-JUV-92/reddic_juvonte
Cournooh David Reginald,Enel Brindisi,Playmaker,24, ITA, Medie , , , ,3.0 ,14.8 ,1.3 ,0.7 ,1.0 ,1.3 , 75.0 ,0.0 ,0.3 ,1.7 , 20.0 ,0.0 ,0.0 , 0.0 ,0.5 ,0.8 ,1.3 ,0.0 ,0.0 ,0.3 ,0.5 ,0.8 ,3.0 ,1.153 ,1.0 ,0.5 ,http://195.56.77.208/player/COU-DAV/cournooh_david_reginald
Archie Dominique,Upea Capo d'Orlando,Ala,27, USA, Medie , , , ,15.5 ,34.5 ,2.2 ,6.2 ,3.8 ,5.8 , 65.7 ,0.5 ,1.3 ,3.5 , 38.1 ,3.8 ,5.0 , 76.7 ,0.7 ,5.3 ,6 ,0.2 ,0.2 ,3.2 ,1.2 ,2.0 ,20.2 ,1.042 ,0.0 ,-1.0 ,http://195.56.77.208/player/ARC-DOM-87/archie_dominique
Lavrinovic Ksistof,Grissin Bon Reggio Emilia,Ala/Centro,35, LIT, Medie , , , ,12.8 ,22.3 ,2.8 ,4.7 ,2.5 ,5.3 , 46.9 ,0.0 ,1.3 ,3.0 , 44.4 ,3.8 ,5.0 , 76.7 ,1.3 ,3.3 ,4.6 ,0.5 ,0.2 ,2.5 ,0.5 ,1.3 ,13.3 ,0.952 ,-0.7 ,5.3 ,http://195.56.77.208/player/LAV-KSI-79/lavrinovic_ksistof
Bulleri Massimo,Enel Brindisi,Play/Guardia,37, ITA, Medie , , , ,4.3 ,9.7 ,2.7 ,1.0 ,0.7 ,1.2 , 57.1 ,0.0 ,0.8 ,2.0 , 41.7 ,0.5 ,0.7 , 75.0 ,0.2 ,0.3 ,0.5 ,0.2 ,0.5 ,1.2 ,0.3 ,0.5 ,0.7 ,0.746 ,-0.3 ,-2.2 ,http://195.56.77.208/player/BUL-MAS-77/bulleri_massimo
Ferguson Jazzmar,Vanoli Cremona,Play/Guardia,27, USA, Medie , , , ,11.7 ,23.8 ,1.8 ,2.7 ,2.2 ,4.3 , 50.0 ,0.0 ,1.8 ,4.2 , 44.0 ,1.8 ,2.3 , 78.6 ,0.2 ,2.3 ,2.5 ,0.0 ,0.3 ,2.2 ,2.0 ,1.5 ,11.0 ,0.965 ,1.3 ,-1.3 ,http://195.56.77.208/player/FER-JAZ-88/ferguson_jazzmar
White Okaro,Granarolo Bologna,Ala,22, USA, Medie , , , ,9.8 ,30.2 ,2.8 ,3.5 ,3.3 ,7.8 , 42.6 ,0.8 ,0.2 ,1.8 , 9.1 ,2.7 ,3.7 , 72.7 ,2.7 ,4.2 ,6.9 ,1.7 ,0.3 ,1.5 ,1.3 ,1.2 ,12.5 ,0.728 ,1.0 ,-3.5 ,http://195.56.77.208/player/WHI-OKA-92/white_okaro
Mbodj Cheikh,Acqua Vitasnella CantÃ¹,Centro,27, SEN, Medie , , , ,6.2 ,13.5 ,2.3 ,1.0 ,2.7 ,5.0 , 53.3 ,0.7 ,0.0 ,0.0 , 0.0 ,0.8 ,1.2 , 71.4 ,1.2 ,2.8 ,4 ,0.3 ,0.2 ,0.5 ,0.3 ,0.2 ,6.3 ,1.071 ,0.0 ,-3.3 ,http://195.56.77.208/player/MBO-CHE-87/mbodj_cheikh
Capuano Lorenzo,Pasta Reggia Caserta,Guardia,17, ITA,,,,,,,,,,,,,,,,,,,,,,,,,,,,,,,http://195.56.77.208/player/CAP-LOR-00/capuano_lorenzo
De Gennaro Matteo,Enel Brindisi,Guardia,18, ITA, Medie , , , ,3.0 ,2.0 ,0.0 ,0.0 ,0.0 ,0.0 , 0.0 ,0.0 ,1.0 ,1.0 , 100.0 ,0.0 ,0.0 , 0.0 ,0.0 ,0.0 ,0 ,0.0 ,0.0 ,0.0 ,0.0 ,0.0 ,3.0 ,3.000 ,0.0 ,4.0 ,http://195.56.77.208/player/DEG-MAT/de_gennaro_matteo
Nikolic Stefan,Granarolo Bologna,Guardia/Ala,17, SRB,,,,,,,,,,,,,,,,,,,,,,,,,,,,,,,http://195.56.77.208/player/NIK-STE-97/nikolic_stefan
Brown Gilbert,Giorgio Tesi Group Pistoia,Ala,27, USA, Medie , , , ,10.3 ,24.7 ,3.7 ,2.5 ,3.0 ,6.0 , 50.0 ,0.7 ,0.8 ,1.7 , 50.0 ,1.8 ,2.3 , 78.6 ,0.3 ,2.0 ,2.3 ,0.3 ,0.0 ,1.8 ,1.5 ,1.7 ,8.8 ,0.985 ,1.3 ,-0.5 ,http://195.56.77.208/player/BRO-GIL-87/brown_gilbert
Basile Nicolò,Consultinvest Pesaro,Playmaker,20, ITA, Medie , , , ,1.0 ,11.5 ,2.0 ,0.5 ,0.5 ,1.5 , 33.3 ,0.0 ,0.0 ,0.8 , 0.0 ,0.0 ,0.3 , 0.0 ,0.5 ,1.0 ,1.5 ,0.0 ,0.3 ,0.3 ,0.8 ,1.0 ,0.3 ,0.310 ,1.5 ,-5.8 ,http://195.56.77.208/player/BAS-NIC-95/basile_nicol
James Delroy,Enel Brindisi,Ala,27, GUY, Medie , , , ,11.2 ,29.3 ,2.8 ,3.2 ,3.3 ,5.5 , 60.6 ,1.2 ,0.8 ,4.5 , 18.5 ,2.0 ,3.0 , 66.7 ,1.2 ,6.2 ,7.4 ,1.0 ,0.3 ,2.7 ,1.3 ,2.0 ,13.3 ,0.774 ,0.7 ,-1.3 ,http://195.56.77.208/player/JAM-DEL-87/james_delroy
Hayes Kenny,Vanoli Cremona,Play/Guardia,27, USA, Medie , , , ,16.0 ,31.8 ,2.0 ,4.3 ,4.5 ,9.8 , 45.8 ,0.3 ,0.8 ,2.7 , 31.3 ,4.5 ,5.2 , 87.1 ,0.7 ,2.2 ,2.9 ,0.0 ,1.2 ,2.3 ,1.5 ,2.2 ,13.5 ,0.919 ,1.3 ,4.2 ,http://195.56.77.208/player/HAY-KEN-87/hayes_kenny
Harper Demonte,Enel Brindisi,Guardia/Ala,25, USA, Medie , , , ,7.7 ,20.3 ,3.2 ,1.8 ,2.2 ,3.2 , 68.4 ,0.5 ,0.7 ,2.3 , 28.6 ,1.3 ,1.5 , 88.9 ,1.0 ,2.0 ,3 ,0.0 ,0.0 ,3.2 ,0.7 ,1.3 ,5.3 ,0.773 ,-1.2 ,3.7 ,http://195.56.77.208/player/HAR-DEM-89/harper_demonte
Michelori Andrea,Pasta Reggia Caserta,Ala/Centro,37, ITA, Medie , , , ,5.0 ,17.8 ,3.3 ,3.2 ,1.7 ,4.2 , 40.0 ,0.0 ,0.0 ,0.0 , 0.0 ,1.7 ,3.8 , 43.5 ,1.8 ,1.5 ,3.3 ,0.3 ,0.8 ,1.0 ,1.0 ,0.3 ,3.3 ,0.710 ,0.3 ,1.2 ,http://195.56.77.208/player/MIC-AND-78/michelori_andrea
Hall Langston,Giorgio Tesi Group Pistoia,Play/Guardia,23, USA, Medie , , , ,6.0 ,27.2 ,1.8 ,4.2 ,0.8 ,4.0 , 20.0 ,0.0 ,1.0 ,3.4 , 29.4 ,1.4 ,2.4 , 58.3 ,0.2 ,2.6 ,2.8 ,0.0 ,0.2 ,1.0 ,0.2 ,4.4 ,8.0 ,0.554 ,3.6 ,-1.2 ,http://195.56.77.208/player/HAL-LAN-91/hall_langston
Mian Fabio,Vanoli Cremona,Guardia,23, ITA, Medie , , , ,3.0 ,16.6 ,2.8 ,0.4 ,0.4 ,1.0 , 40.0 ,0.0 ,0.6 ,3.0 , 20.0 ,0.4 ,0.4 , 100.0 ,0.2 ,1.2 ,1.4 ,0.0 ,0.0 ,0.6 ,0.6 ,0.4 ,-0.6 ,0.494 ,0.4 ,-1.0 ,http://195.56.77.208/player/MIA-FAB-92/mian_fabio
Gentile Stefano,Acqua Vitasnella CantÃ¹,Playmaker,25, ITA, Medie , , , ,7.8 ,24.0 ,2.7 ,1.7 ,1.3 ,3.3 , 40.0 ,0.0 ,1.3 ,3.5 , 38.1 ,1.2 ,1.5 , 77.8 ,0.2 ,2.5 ,2.7 ,0.0 ,0.3 ,2.5 ,0.7 ,2.5 ,5.3 ,0.750 ,0.7 ,-3.2 ,http://195.56.77.208/player/GEN-STE-89/gentile_stefano
Gaddy Abdul,Granarolo Bologna,Play/Guardia,23, USA, Medie , , , ,6.5 ,26.8 ,2.0 ,1.8 ,1.7 ,4.5 , 37.0 ,0.0 ,0.8 ,2.3 , 35.7 ,0.7 ,1.3 , 50.0 ,1.2 ,1.5 ,2.7 ,0.0 ,0.2 ,1.5 ,1.0 ,3.3 ,6.7 ,0.780 ,2.8 ,-3.5 ,http://195.56.77.208/player/GAD-ABD-92/gaddy_abdul
Forray Toto,Dolomiti Energia Trento,Playmaker,29, ARG, Medie , , , ,5.8 ,24.3 ,3.3 ,2.0 ,1.2 ,2.3 , 50.0 ,0.0 ,0.8 ,1.7 , 50.0 ,1.0 ,1.3 , 75.0 ,0.7 ,1.5 ,2.2 ,0.0 ,0.3 ,2.0 ,1.5 ,2.0 ,5.5 ,0.855 ,1.5 ,0.5 ,http://195.56.77.208/player/FOR-TOT-86/forray_toto
Fontecchio Simone,Granarolo Bologna,Ala,19, ITA, Medie , , , ,9.7 ,26.2 ,2.7 ,2.0 ,2.7 ,5.7 , 47.1 ,0.3 ,1.2 ,4.0 , 29.2 ,0.8 ,1.7 , 50.0 ,1.0 ,2.0 ,3 ,0.5 ,0.3 ,2.7 ,1.2 ,2.0 ,6.0 ,0.712 ,0.5 ,-5.3 ,http://195.56.77.208/player/FON-SIM-95/fontecchio_simone
Jones DeQuan,Acqua Vitasnella CantÃ¹,Ala,24, USA, Medie , , , ,8.8 ,21.7 ,3.0 ,2.8 ,3.0 ,5.5 , 54.6 ,1.3 ,0.7 ,1.7 , 40.0 ,0.8 ,1.3 , 62.5 ,0.7 ,1.5 ,2.2 ,0.3 ,0.0 ,2.0 ,0.7 ,0.7 ,6.5 ,0.840 ,-0.7 ,1.2 ,http://195.56.77.208/player/JON-DEQ-90/jones_dequan
Filloy Ariel,Giorgio Tesi Group Pistoia,Play/Guardia,28, ARG, Medie , , , ,9.3 ,25.7 ,2.3 ,2.0 ,1.7 ,3.7 , 45.5 ,0.0 ,1.5 ,4.3 , 34.6 ,1.5 ,1.7 , 90.0 ,0.2 ,2.5 ,2.7 ,0.2 ,0.3 ,1.3 ,1.0 ,3.3 ,9.5 ,0.926 ,3.0 ,-7.0 ,http://195.56.77.208/player/Fil-Ari-87/filloy_ariel
James Shawn,EA7 Emporio Armani Milano,Centro,31, USA, Medie , , , ,4.2 ,12.0 ,2.2 ,0.8 ,1.8 ,3.0 , 61.1 ,0.3 ,0.0 ,0.2 , 0.0 ,0.5 ,0.5 , 100.0 ,1.3 ,2.2 ,3.5 ,0.8 ,0.2 ,1.7 ,0.3 ,0.8 ,5.2 ,0.809 ,-0.5 ,1.0 ,http://195.56.77.208/player/JAM-SHA-83/james_shawn
De Zeeuw Maxime,Acea Roma,Ala/Centro,27, BEL, Medie , , , ,10.5 ,18.0 ,2.8 ,1.8 ,2.5 ,3.8 , 65.2 ,1.0 ,1.2 ,2.7 , 43.8 ,2.0 ,2.2 , 92.3 ,2.0 ,2.0 ,4 ,0.3 ,0.3 ,1.7 ,0.5 ,0.5 ,9.8 ,1.097 ,-0.7 ,-2.2 ,http://195.56.77.208/player/DEZ-MAX-87/de_zeeuw_maxime
Henry Sek,Enel Brindisi,Play/Guardia,27, USA, Medie , , , ,6.2 ,20.3 ,1.3 ,1.0 ,2.2 ,4.2 , 52.0 ,0.3 ,0.5 ,1.5 , 33.3 ,0.3 ,0.3 , 100.0 ,0.8 ,2.0 ,2.8 ,0.2 ,0.3 ,1.2 ,1.3 ,2.0 ,7.7 ,0.905 ,2.2 ,1.8 ,http://195.56.77.208/player/HEN-SEK-87/henry_sek
Cusin Marco,Vanoli Cremona,Centro,30, ITA, Medie , , , ,1.0 ,5.5 ,0.0 ,0.0 ,0.5 ,0.5 , 100.0 ,0.0 ,0.0 ,0.0 , 0.0 ,0.0 ,0.0 , 0.0 ,0.5 ,0.5 ,1 ,0.0 ,0.0 ,0.0 ,0.0 ,0.5 ,2.5 ,1.000 ,0.5 ,-2.5 ,http://195.56.77.208/player/CUS-MAR-85/cusin_marco
Williams Eric,Acqua Vitasnella CantÃ¹,Centro,31, GER, Medie , , , ,7.0 ,22.7 ,2.5 ,3.0 ,2.8 ,4.8 , 58.6 ,0.7 ,0.0 ,0.0 , 0.0 ,1.3 ,2.5 , 53.3 ,1.8 ,4.8 ,6.6 ,0.5 ,0.2 ,1.7 ,0.7 ,1.2 ,11.5 ,1.009 ,0.2 ,-1.8 ,http://195.56.77.208/player/WIL-ERI-84/williams_eric
Ress Tomas,Umana Reyer Venezia,Ala/Centro,34, ITA, Medie , , , ,8.0 ,24.5 ,1.5 ,2.3 ,1.7 ,2.8 , 58.8 ,0.5 ,1.2 ,3.3 , 35.0 ,1.2 ,2.3 , 50.0 ,1.2 ,2.5 ,3.7 ,0.5 ,0.2 ,0.7 ,1.0 ,0.8 ,9.5 ,1.041 ,1.2 ,5.0 ,http://195.56.77.208/player/RES-THO/ress_tomas
Moss David,EA7 Emporio Armani Milano,Ala,31, USA, Medie , , , ,7.6 ,25.6 ,3.0 ,2.8 ,1.0 ,3.0 , 33.3 ,0.2 ,1.0 ,3.8 , 26.3 ,2.6 ,3.0 , 86.7 ,0.6 ,2.2 ,2.8 ,0.2 ,0.4 ,0.2 ,1.0 ,1.4 ,7.0 ,0.905 ,2.2 ,7.2 ,http://195.56.77.208/player/Mos-Dav-83/moss_david
Pini Giovanni,Grissin Bon Reggio Emilia,Ala,22, ITA,,,,,,,,,,,,,,,,,,,,,,,,,,,,,,,http://195.56.77.208/player/PIN-GIO-92/pini_giovanni
Grant Keaton,Dolomiti Energia Trento,Guardia,28, USA, Medie , , , ,7.8 ,20.7 ,2.2 ,1.5 ,1.8 ,4.5 , 40.7 ,1.0 ,1.0 ,3.7 , 27.3 ,1.2 ,1.5 , 77.8 ,0.8 ,2.5 ,3.3 ,0.3 ,0.2 ,0.8 ,1.0 ,1.2 ,6.3 ,0.810 ,1.3 ,-1.3 ,http://195.56.77.208/player/GRA-KEA-86/grant_keaton
Pechacek Adam,Grissin Bon Reggio Emilia,Ala/Centro,20, CZE, Medie , , , ,1.5 ,4.5 ,2.0 ,0.3 ,0.5 ,1.3 , 40.0 ,0.0 ,0.0 ,0.3 , 0.0 ,0.5 ,0.5 , 100.0 ,0.0 ,0.3 ,0.3 ,0.0 ,0.0 ,0.5 ,0.0 ,0.3 ,-1.3 ,0.367 ,-0.3 ,-4.5 ,http://195.56.77.208/player/PEC-ADA-95/pechacek_adam
Mazzola Valerio,Granarolo Bologna,Ala/Centro,27, ITA, Medie , , , ,9.7 ,22.0 ,4.2 ,2.2 ,3.5 ,5.7 , 61.8 ,0.2 ,0.3 ,1.5 , 22.2 ,1.7 ,1.8 , 90.9 ,1.5 ,4.2 ,5.7 ,0.3 ,0.3 ,1.3 ,0.7 ,1.5 ,10.7 ,0.993 ,0.8 ,2.2 ,http://195.56.77.208/player/Maz-Val-88/mazzola_valerio
Cinciarini Andrea,Grissin Bon Reggio Emilia,Playmaker,28, ITA, Medie , , , ,13.2 ,35.7 ,3.0 ,5.5 ,2.2 ,5.2 , 41.9 ,0.0 ,1.5 ,4.0 , 37.5 ,4.3 ,6.3 , 68.4 ,1.0 ,5.3 ,6.3 ,0.2 ,0.2 ,3.0 ,1.8 ,7.0 ,20.3 ,0.862 ,5.8 ,3.2 ,http://195.56.77.208/player/CIN-AND-86/cinciarini_andrea
Triche Brandon,Acea Roma,Play/Guardia,24, USA, Medie , , , ,9.3 ,27.7 ,3.5 ,2.5 ,1.7 ,5.0 , 33.3 ,0.3 ,1.5 ,4.8 , 31.0 ,1.5 ,2.0 , 75.0 ,1.0 ,2.2 ,3.2 ,0.0 ,0.2 ,2.5 ,0.7 ,4.2 ,6.5 ,0.732 ,2.3 ,2.5 ,http://195.56.77.208/player/TRI-BRA-91/triche_brandon
Freeman Austin,Upea Capo d'Orlando,Guardia,25, USA, Medie , , , ,20.2 ,32.2 ,2.2 ,3.4 ,5.6 ,13.2 , 42.4 ,0.2 ,1.8 ,5.8 , 31.0 ,3.6 ,4.2 , 85.7 ,0.6 ,2.4 ,3 ,0.2 ,1.0 ,3.4 ,1.2 ,2.2 ,11.4 ,0.771 ,0.0 ,-3.4 ,http://195.56.77.208/player/FRE-AUS-89/freeman_austin
Flaccadori Diego,Dolomiti Energia Trento,Play/Guardia,18, ITA, Medie , , , ,1.0 ,3.0 ,0.3 ,0.0 ,0.0 ,0.3 , 0.0 ,0.0 ,0.3 ,1.0 , 33.3 ,0.0 ,0.0 , 0.0 ,0.0 ,0.0 ,0 ,0.0 ,0.0 ,0.0 ,0.0 ,0.0 ,-0.3 ,0.333 ,0.0 ,-4.7 ,http://195.56.77.208/player/FLA-DIE-96/flaccadori_diego
Morgillo Ivan,Sidigas Avellino,Ala,22, ITA,,,,,,,,,,,,,,,,,,,,,,,,,,,,,,,http://195.56.77.208/player/MOR-IVA-92/morgillo_ivan
Tortu' Lorenzo,Consultinvest Pesaro,Ala,21, ITA, Medie , , , ,0.0 ,1.0 ,0.0 ,0.0 ,0.0 ,0.0 , 0.0 ,0.0 ,0.0 ,0.0 , 0.0 ,0.0 ,0.0 , 0.0 ,0.0 ,0.0 ,0 ,0.0 ,0.0 ,0.0 ,0.0 ,0.0 ,0.0 ,0.000 ,0.0 ,-2.0 ,http://195.56.77.208/player/TOR-LOR/tortu__lorenzo
Merella Enrico,Banco di Sardegna Sassari,Playmaker,19, ITA,,,,,,,,,,,,,,,,,,,,,,,,,,,,,,,http://195.56.77.208/player/MAR-ENR/merella_enrico
Raspino Tommaso,Consultinvest Pesaro,Guardia/Ala,25, ITA, Medie , , , ,4.4 ,22.6 ,3.2 ,2.8 ,0.2 ,1.8 , 11.1 ,0.0 ,0.8 ,2.6 , 30.8 ,1.6 ,2.4 , 66.7 ,0.2 ,1.8 ,2 ,0.0 ,0.2 ,1.4 ,1.6 ,0.2 ,2.0 ,0.555 ,0.4 ,-9.0 ,http://195.56.77.208/player/RAS-TOM/raspino_tommaso
Vadi Enrico,Pasta Reggia Caserta,Ala,18, ITA,,,,,,,,,,,,,,,,,,,,,,,,,,,,,,,http://195.56.77.208/player/VAD-ENR/vadi_enrico
Bertocchi Edoardo,Dolomiti Energia Trento,Centro,18, ITA,,,,,,,,,,,,,,,,,,,,,,,,,,,,,,,http://195.56.77.208/player/BER-EDO-96/bertocchi_edoardo
Solazzi Brandon,Consultinvest Pesaro,Guardia,17, ITA,,,,,,,,,,,,,,,,,,,,,,,,,,,,,,,http://195.56.77.208/player/SOL-BRA/solazzi_brandon
Zucca Dario,Umana Reyer Venezia,Centro,19, ITA,,,,,,,,,,,,,,,,,,,,,,,,,,,,,,,http://195.56.77.208/player/ZUC-DAR-96/zucca_dario
Benetti Gabriele,Granarolo Bologna,Ala,19, ITA, Medie , , , ,0.0 ,1.0 ,0.0 ,0.0 ,0.0 ,0.0 , 0.0 ,0.0 ,0.0 ,0.0 , 0.0 ,0.0 ,0.0 , 0.0 ,0.0 ,0.0 ,0 ,0.0 ,0.0 ,0.0 ,0.0 ,0.0 ,0.0 ,0.000 ,0.0 ,-2.0 ,http://195.56.77.208/player/BEN-GAB/benetti_gabriele
Poscic Matija,Vanoli Cremona,Centro,29, CRO, Medie , , , ,0.7 ,7.0 ,1.7 ,0.3 ,0.3 ,1.3 , 25.0 ,0.0 ,0.0 ,0.0 , 0.0 ,0.0 ,0.0 , 0.0 ,0.3 ,1.7 ,2 ,0.0 ,0.3 ,0.7 ,0.0 ,0.0 ,-0.7 ,0.133 ,-0.7 ,-4.3 ,http://195.56.77.208/player/POS-MAT-85/poscic_matija
Dulkys Deividas,Umana Reyer Venezia,Guardia,27, LIT, Medie , , , ,6.8 ,17.0 ,1.8 ,1.2 ,0.7 ,1.5 , 44.4 ,0.2 ,1.7 ,4.2 , 40.0 ,0.5 ,0.8 , 60.0 ,0.5 ,1.2 ,1.7 ,0.0 ,0.2 ,1.3 ,0.7 ,1.0 ,4.3 ,0.947 ,0.3 ,6.2 ,http://195.56.77.208/player/DUL-DEI-88/dulkys_deividas
Robinson Dawan,Openjobmetis Varese,Playmaker,33, USA, Medie , , , ,15.0 ,34.8 ,3.0 ,5.0 ,4.7 ,9.0 , 51.9 ,0.0 ,0.5 ,3.0 , 16.7 ,4.2 ,5.5 , 75.8 ,1.0 ,3.5 ,4.5 ,0.0 ,1.0 ,3.0 ,1.0 ,4.3 ,14.7 ,0.846 ,2.3 ,0.0 ,http://195.56.77.208/player/ROB-DAW-82/robinson_dawan
Crow Nicholas,Consultinvest Pesaro,Ala,25, ITA, Medie , , , ,2.5 ,13.5 ,1.0 ,0.5 ,1.0 ,3.0 , 33.3 ,0.0 ,0.0 ,1.0 , 0.0 ,0.5 ,1.0 , 50.0 ,1.0 ,0.0 ,1 ,0.0 ,0.0 ,0.5 ,0.5 ,0.0 ,-0.5 ,0.500 ,0.0 ,-9.5 ,http://195.56.77.208/player/CRO-NIC-89/crow_nicholas
Daniel Ed,Openjobmetis Varese,Ala,24, USA, Medie , , , ,9.2 ,26.8 ,2.8 ,3.0 ,3.2 ,6.0 , 52.8 ,0.8 ,0.2 ,0.3 , 50.0 ,2.3 ,3.7 , 63.6 ,2.5 ,4.0 ,6.5 ,0.5 ,0.0 ,1.3 ,0.8 ,0.8 ,12.3 ,0.913 ,0.3 ,-2.5 ,http://195.56.77.208/player/DAN-EDW-90/daniel_ed
Sanders Rakim,Banco di Sardegna Sassari,Ala,25, USA, Medie , , , ,6.3 ,23.0 ,2.0 ,1.8 ,1.5 ,3.8 , 40.0 ,0.8 ,1.0 ,4.0 , 25.0 ,0.3 ,1.0 , 25.0 ,0.5 ,2.0 ,2.5 ,1.0 ,0.3 ,2.5 ,1.3 ,1.3 ,3.3 ,0.458 ,0.0 ,4.3 ,http://195.56.77.208/player/SAN-RAK-89/sanders_rakim
Morciano Francesco,Enel Brindisi,Ala,18, ITA, Medie , , , ,3.0 ,2.0 ,0.0 ,0.0 ,0.0 ,0.0 , 0.0 ,0.0 ,1.0 ,1.0 , 100.0 ,0.0 ,0.0 , 0.0 ,0.0 ,2.0 ,2 ,0.0 ,0.0 ,0.0 ,0.0 ,0.0 ,5.0 ,3.000 ,0.0 ,4.0 ,http://195.56.77.208/player/MOR-FRA-96/morciano_francesco
Armwood Isaiah,Dolomiti Energia Trento,Ala/Centro,24, USA, Medie , , , ,1.2 ,5.2 ,1.0 ,0.7 ,0.3 ,0.8 , 40.0 ,0.2 ,0.0 ,0.2 , 0.0 ,0.5 ,0.7 , 75.0 ,0.2 ,0.5 ,0.7 ,0.3 ,0.0 ,0.3 ,0.0 ,0.0 ,0.7 ,0.694 ,-0.3 ,-1.5 ,http://195.56.77.208/player/ARM-ISA-90/armwood_isaiah
Cattapan Riccardo,Granarolo Bologna,Centro,17, ITA, Medie , , , ,0.0 ,1.0 ,0.0 ,0.0 ,0.0 ,0.0 , 0.0 ,0.0 ,0.0 ,0.0 , 0.0 ,0.0 ,0.0 , 0.0 ,0.0 ,0.0 ,0 ,0.0 ,0.0 ,0.0 ,0.0 ,0.0 ,0.0 ,0.000 ,0.0 ,-2.0 ,http://195.56.77.208/player/CAT-RIC/cattapan_riccardo
Finamore Matteo,Acea Roma,Play/Guardia,18, ITA,,,,,,,,,,,,,,,,,,,,,,,,,,,,,,,http://195.56.77.208/player/FIN-MAT/finamore_matteo
Sandri Daniele,Acea Roma,Guardia,24, ITA, Medie , , , ,1.2 ,6.0 ,1.7 ,0.3 ,0.3 ,0.5 , 66.7 ,0.0 ,0.2 ,0.7 , 25.0 ,0.0 ,0.0 , 0.0 ,0.2 ,0.7 ,0.9 ,0.3 ,0.0 ,0.5 ,0.7 ,0.3 ,0.8 ,0.444 ,0.5 ,-1.7 ,http://195.56.77.208/player/SAN-DAN-90/sandri_daniele
Judge Wally,Consultinvest Pesaro,Centro,24, USA, Medie , , , ,6.2 ,22.4 ,4.0 ,2.4 ,3.0 ,6.6 , 45.5 ,0.4 ,0.0 ,0.0 , 0.0 ,0.2 ,0.8 , 25.0 ,3.0 ,3.6 ,6.6 ,0.0 ,0.6 ,2.4 ,0.6 ,0.2 ,4.8 ,0.653 ,-1.6 ,-6.4 ,http://195.56.77.208/player/JUD-WAL-90/judge_wally
Diener Drake,Grissin Bon Reggio Emilia,Guardia,33, USA, Medie , , , ,17.0 ,29.0 ,1.0 ,4.0 ,5.0 ,6.0 , 83.3 ,0.0 ,2.0 ,5.0 , 40.0 ,1.0 ,2.0 , 50.0 ,0.0 ,4.0 ,4 ,0.0 ,0.0 ,2.0 ,1.0 ,3.0 ,21.0 ,1.214 ,2.0 ,4.0 ,http://195.56.77.208/player/DIE-DRA-81/diener_drake
Portannese Marco,Granarolo Bologna,Guardia,25, ITA, Medie , , , ,1.7 ,4.7 ,0.7 ,0.0 ,0.3 ,0.7 , 50.0 ,0.0 ,0.3 ,0.7 , 50.0 ,0.0 ,0.0 , 0.0 ,0.7 ,0.0 ,0.7 ,0.0 ,0.0 ,0.3 ,0.3 ,0.0 ,1.0 ,0.833 ,0.0 ,-1.0 ,http://195.56.77.208/player/POR-MAR-89/portannese_marco
Bloise Giacomo,Acqua Vitasnella CantÃ¹,Playmaker,25, ITA, Medie , , , ,0.0 ,4.0 ,0.0 ,0.0 ,0.0 ,0.5 , 0.0 ,0.0 ,0.0 ,0.5 , 0.0 ,0.0 ,0.0 , 0.0 ,0.0 ,0.0 ,0 ,0.0 ,0.5 ,0.0 ,0.0 ,0.0 ,-1.5 ,0.000 ,0.0 ,0.5 ,http://195.56.77.208/player/BLO-GIA/bloise_giacomo
Johnson-Odom Darius,Acqua Vitasnella CantÃ¹,Playmaker,25, USA, Medie , , , ,16.8 ,32.5 ,2.0 ,4.3 ,4.2 ,8.3 , 50.0 ,0.5 ,1.7 ,5.5 , 30.3 ,3.5 ,4.8 , 72.4 ,0.2 ,3.0 ,3.2 ,0.3 ,0.8 ,4.2 ,1.2 ,4.5 ,14.0 ,0.821 ,1.5 ,-1.3 ,http://195.56.77.208/player/JOH-DAR-89/johnson-odom_darius
Peric Hrvoje,Umana Reyer Venezia,Ala,29, CRO, Medie , , , ,12.3 ,23.3 ,2.8 ,2.2 ,4.5 ,7.7 , 58.7 ,0.8 ,0.7 ,2.3 , 28.6 ,1.3 ,1.8 , 72.7 ,1.3 ,3.5 ,4.8 ,0.5 ,0.0 ,1.7 ,0.5 ,2.3 ,12.8 ,0.990 ,1.2 ,-0.2 ,http://195.56.77.208/player/PER-HRV-85/peric_hrvoje
Brooks MarShon,EA7 Emporio Armani Milano,Guardia,26, USA, Medie , , , ,10.8 ,21.0 ,1.8 ,2.8 ,1.8 ,4.8 , 37.9 ,0.3 ,1.7 ,3.2 , 52.6 ,2.2 ,3.2 , 68.4 ,0.5 ,3.2 ,3.7 ,0.7 ,0.7 ,1.8 ,0.3 ,1.5 ,10.0 ,0.817 ,0.0 ,2.3 ,http://195.56.77.208/player/BRO-MAR-89/brooks_marshon
Dyson Jerome,Banco di Sardegna Sassari,Play/Guardia,27, USA, Medie , , , ,17.0 ,29.8 ,2.6 ,5.2 ,2.8 ,6.2 , 45.2 ,0.0 ,2.0 ,5.8 , 34.5 ,5.4 ,6.4 , 84.4 ,0.4 ,3.4 ,3.8 ,0.2 ,0.0 ,3.8 ,3.0 ,5.0 ,19.6 ,0.906 ,4.2 ,8.4 ,http://195.56.77.208/player/DYS-JER-87/dyson_jerome
Karavdic Sedin,Upea Capo d'Orlando,Ala/Centro,20, BIH,,,,,,,,,,,,,,,,,,,,,,,,,,,,,,,http://195.56.77.208/player/KAR-SED-95/karavdic_sedin
Banks Adrian,Sidigas Avellino,Guardia,29, USA, Medie , , , ,13.7 ,29.8 ,1.5 ,3.8 ,3.2 ,7.2 , 44.2 ,0.5 ,0.8 ,2.5 , 33.3 ,4.8 ,5.8 , 82.9 ,0.7 ,2.3 ,3 ,0.2 ,0.3 ,3.3 ,1.3 ,2.7 ,12.8 ,0.875 ,0.7 ,5.2 ,http://195.56.77.208/player/BAN-ADR-86/banks_adrian
Awudu Abass Abass,Acqua Vitasnella CantÃ¹,Ala,22, ITA, Medie , , , ,7.0 ,18.5 ,1.3 ,1.2 ,2.0 ,2.5 , 80.0 ,0.5 ,0.8 ,2.3 , 35.7 ,0.5 ,0.8 , 60.0 ,0.5 ,1.2 ,1.7 ,0.7 ,0.0 ,1.5 ,0.7 ,0.5 ,6.5 ,0.866 ,-0.3 ,-1.0 ,http://195.56.77.208/player/ABA-AWU/awudu_abass_abass
Howell Richard,Pasta Reggia Caserta,Ala/Centro,24, USA, Medie , , , ,9.0 ,22.3 ,2.5 ,1.8 ,3.7 ,8.7 , 42.3 ,0.2 ,0.0 ,0.0 , 0.0 ,1.7 ,2.3 , 71.4 ,2.7 ,4.8 ,7.5 ,0.2 ,1.2 ,1.5 ,1.3 ,0.5 ,9.5 ,0.758 ,0.3 ,-7.5 ,http://195.56.77.208/player/HOW-RIC-90/howell_richard
Molteni Mattia,Acqua Vitasnella CantÃ¹,Play/Guardia,18, ITA,,,,,,,,,,,,,,,,,,,,,,,,,,,,,,,http://195.56.77.208/player/MOL-MAT/molteni_mattia
Guisse Alioune,Umana Reyer Venezia,Ala/Centro,19, SEN,,,,,,,,,,,,,,,,,,,,,,,,,,,,,,,http://195.56.77.208/player/GUI-ALI/guisse_alioune
Mastellari Martino,Giorgio Tesi Group Pistoia,Play/Guardia,19, ITA,,,,,,,,,,,,,,,,,,,,,,,,,,,,,,,http://195.56.77.208/player/MAS-MAR-96/mastellari_martino
Meacham Trenton,EA7 Emporio Armani Milano,Playmaker,29, USA, Medie , , , ,2.2 ,13.5 ,2.2 ,2.0 ,0.2 ,0.7 , 25.0 ,0.0 ,0.5 ,1.3 , 37.5 ,0.3 ,0.3 , 100.0 ,0.0 ,0.8 ,0.8 ,0.0 ,0.0 ,1.3 ,0.5 ,1.7 ,2.3 ,0.532 ,0.8 ,-0.7 ,http://195.56.77.208/player/MEA-TRE-85/meacham_trenton
Lechthaler Luca,Sidigas Avellino,Centro,29, , Medie , , , ,1.5 ,7.0 ,1.2 ,0.7 ,0.7 ,1.3 , 50.0 ,0.3 ,0.0 ,0.0 , 0.0 ,0.2 ,0.7 , 25.0 ,0.7 ,1.7 ,2.4 ,0.0 ,0.0 ,0.8 ,0.5 ,0.0 ,1.8 ,0.512 ,-0.3 ,-2.0 ,http://195.56.77.208/player/LEC-LUC-86/lechthaler_luca
Hunt Dario,Upea Capo d'Orlando,Centro,25, USA, Medie , , , ,10.3 ,24.3 ,2.8 ,2.2 ,4.8 ,8.0 , 60.4 ,2.3 ,0.0 ,0.0 , 0.0 ,0.7 ,2.3 , 28.6 ,2.8 ,5.8 ,8.6 ,1.0 ,0.7 ,3.0 ,0.5 ,1.0 ,12.3 ,0.820 ,-1.5 ,-3.3 ,http://195.56.77.208/player/HUN-DAR-89/hunt_dario
D'Ercole Lorenzo,Acea Roma,Play/Guardia,27, , Medie , , , ,1.5 ,18.5 ,1.5 ,1.2 ,0.2 ,1.3 , 12.5 ,0.0 ,0.2 ,2.0 , 8.3 ,0.7 ,0.8 , 80.0 ,0.3 ,1.0 ,1.3 ,0.0 ,0.0 ,0.5 ,0.8 ,0.5 ,0.2 ,0.449 ,0.8 ,-5.7 ,http://195.56.77.208/player/DER-LOR/d_ercole_lorenzo
Lepri Jacopo,Openjobmetis Varese,Playmaker,19, ITA, Medie , , , ,0.0 ,1.0 ,0.0 ,0.0 ,0.0 ,0.0 , 0.0 ,0.0 ,0.0 ,0.0 , 0.0 ,0.0 ,0.0 , 0.0 ,0.0 ,0.0 ,0 ,0.0 ,0.0 ,0.0 ,0.0 ,0.0 ,0.0 ,0.000 ,0.0 ,-1.0 ,http://195.56.77.208/player/LEP-JAC-95/lepri_jacopo
Pullazi Rei,Acea Roma,Ala,21, ITA,,,,,,,,,,,,,,,,,,,,,,,,,,,,,,,http://195.56.77.208/player/PUL-REI-93/pullazi_rei
Motta Federico,Upea Capo d'Orlando,Ala,17, ITA,,,,,,,,,,,,,,,,,,,,,,,,,,,,,,,http://195.56.77.208/player/MOT-FED/motta_federico
Cervi Riccardo,Grissin Bon Reggio Emilia,Centro,23, ITA, Medie , , , ,9.3 ,25.8 ,3.0 ,2.3 ,3.7 ,5.0 , 73.3 ,2.3 ,0.0 ,0.0 , 0.0 ,2.0 ,3.3 , 60.0 ,2.3 ,2.5 ,4.8 ,1.5 ,0.3 ,1.7 ,0.7 ,0.7 ,11.7 ,1.119 ,-0.3 ,5.2 ,http://195.56.77.208/player/CER-RIC-91/cervi_riccardo
Samuels Samardo,EA7 Emporio Armani Milano,Centro,26, JAM, Medie , , , ,13.3 ,25.5 ,1.8 ,4.2 ,4.3 ,7.8 , 55.3 ,1.2 ,0.3 ,1.0 , 33.3 ,3.7 ,4.7 , 78.6 ,2.5 ,6.2 ,8.7 ,1.0 ,0.3 ,2.7 ,1.0 ,1.5 ,19.7 ,1.021 ,-0.2 ,9.7 ,http://195.56.77.208/player/SAM-SAM-89/samuels_samardo
Fontana Davide,Acqua Vitasnella CantÃ¹,Ala,18, ITA,,,,,,,,,,,,,,,,,,,,,,,,,,,,,,,http://195.56.77.208/player/FON-DAV/fontana_davide
Goss Phil,Umana Reyer Venezia,Guardia,32, USA, Medie , , , ,13.3 ,28.5 ,2.7 ,4.3 ,3.2 ,7.3 , 43.2 ,0.0 ,1.2 ,4.2 , 28.0 ,3.5 ,4.0 , 87.5 ,0.3 ,2.3 ,2.6 ,0.0 ,0.7 ,1.8 ,0.5 ,4.3 ,12.3 ,0.862 ,3.0 ,0.7 ,http://195.56.77.208/player/GOS-PHI-83/goss_phil
Mei Nicola,Vanoli Cremona,Guardia,29, ITA, Medie , , , ,0.0 ,8.0 ,1.0 ,0.5 ,0.0 ,1.0 , 0.0 ,0.0 ,0.0 ,0.5 , 0.0 ,0.0 ,0.0 , 0.0 ,0.5 ,0.0 ,0.5 ,0.0 ,0.5 ,1.0 ,0.0 ,0.5 ,-2.5 ,0.000 ,-0.5 ,-0.5 ,http://195.56.77.208/player/MEI-NIC-85/mei_nicola
Fumagalli Carlo,EA7 Emporio Armani Milano,Playmaker,18, ITA,,,,,,,,,,,,,,,,,,,,,,,,,,,,,,,http://195.56.77.208/player/FUM-CAR/fumagalli_carlo
Vitali Luca,Vanoli Cremona,Play/Guardia,28, , Medie , , , ,12.0 ,32.3 ,2.8 ,6.8 ,2.3 ,5.0 , 45.0 ,0.0 ,0.8 ,2.3 , 33.3 ,5.3 ,5.5 , 95.5 ,0.8 ,5.0 ,5.8 ,0.0 ,0.3 ,3.8 ,1.3 ,5.3 ,19.8 ,0.836 ,2.8 ,12.3 ,http://195.56.77.208/player/vit-luc/vitali_luca
Ruzzier Michele,Umana Reyer Venezia,Playmaker,22, ITA, Medie , , , ,3.8 ,16.2 ,2.8 ,1.0 ,1.2 ,3.0 , 38.9 ,0.0 ,0.3 ,1.0 , 33.3 ,0.5 ,0.7 , 75.0 ,0.3 ,0.3 ,0.6 ,0.0 ,0.5 ,0.3 ,0.2 ,2.5 ,1.8 ,0.725 ,2.3 ,6.5 ,http://195.56.77.208/player/RUZ-MIC-93/ruzzier_michele
Toffali Davide,EA7 Emporio Armani Milano,Play/Guardia,16, ITA,,,,,,,,,,,,,,,,,,,,,,,,,,,,,,,http://195.56.77.208/player/TOF-DAV/toffali_davide
Siberna Giacomo,Acqua Vitasnella CantÃ¹,Ala,19, ITA,,,,,,,,,,,,,,,,,,,,,,,,,,,,,,,http://195.56.77.208/player/SIB-GIA-96/siberna_giacomo
Gaines Sundiata,Sidigas Avellino,Playmaker,29, USA, Medie , , , ,10.2 ,29.3 ,2.2 ,3.3 ,2.0 ,5.8 , 34.3 ,0.0 ,1.3 ,4.2 , 32.0 ,2.2 ,3.3 , 65.0 ,0.3 ,1.3 ,1.6 ,0.5 ,0.3 ,1.8 ,1.2 ,3.2 ,7.8 ,0.788 ,2.5 ,2.3 ,http://195.56.77.208/player/Gai-Sun-86/gaines_sundiata
Soragna Matteo,Upea Capo d'Orlando,Ala,39, ITA, Medie , , , ,5.0 ,19.7 ,1.8 ,1.2 ,0.5 ,1.7 , 30.0 ,0.0 ,1.2 ,1.8 , 63.6 ,0.5 ,0.8 , 60.0 ,0.2 ,1.7 ,1.9 ,0.0 ,0.0 ,1.0 ,0.3 ,1.5 ,4.8 ,1.016 ,0.8 ,-4.7 ,http://195.56.77.208/player/SOR-MAT-75/soragna_matteo
Okoye Stanley,Openjobmetis Varese,Ala,24, USA, Medie , , , ,6.6 ,20.6 ,3.0 ,1.8 ,2.4 ,4.0 , 60.0 ,0.2 ,0.2 ,1.0 , 20.0 ,1.2 ,1.4 , 85.7 ,2.4 ,4.0 ,6.4 ,0.4 ,0.4 ,1.6 ,0.4 ,0.6 ,8.6 ,0.950 ,-0.6 ,0.4 ,http://195.56.77.208/player/OKO-STA-91/okoye_stanley
Moretti Davide,Giorgio Tesi Group Pistoia,Play/Guardia,16, ITA, Medie , , , ,0.0 ,8.0 ,1.0 ,1.0 ,0.0 ,0.0 , 0.0 ,0.0 ,0.0 ,1.0 , 0.0 ,0.0 ,0.0 , 0.0 ,0.0 ,0.0 ,0 ,0.0 ,0.0 ,1.0 ,1.0 ,0.0 ,-1.0 ,0.000 ,0.0 ,10.0 ,http://195.56.77.208/player/MOR-DAV-98/moretti_davide
Feldeine James,Acqua Vitasnella CantÃ¹,Guardia,26, USA, Medie , , , ,12.0 ,28.8 ,1.2 ,1.6 ,2.8 ,6.8 , 41.2 ,0.2 ,1.8 ,4.4 , 40.9 ,1.0 ,1.2 , 83.3 ,0.0 ,3.4 ,3.4 ,0.2 ,0.0 ,2.2 ,1.4 ,3.8 ,12.2 ,0.801 ,3.0 ,1.8 ,http://195.56.77.208/player/FEL-JAM-88/feldeine_james
Brooks Jeff,Banco di Sardegna Sassari,Ala,25, USA, Medie , , , ,8.8 ,30.2 ,0.8 ,2.0 ,3.0 ,5.6 , 53.6 ,0.8 ,0.4 ,2.2 , 18.2 ,1.6 ,1.8 , 88.9 ,1.8 ,6.4 ,8.2 ,0.8 ,0.6 ,1.4 ,0.4 ,1.6 ,14.4 ,0.853 ,0.6 ,6.2 ,http://195.56.77.208/player/BRO-JEF-89/brooks_jeff
Baparapè Biram,Acqua Vitasnella CantÃ¹,Guardia,17, ITA,,,,,,,,,,,,,,,,,,,,,,,,,,,,,,,http://195.56.77.208/player/BAP-BIR/baparap__biram
Pisacane Luca,Vanoli Cremona,Playmaker,17, ITA,,,,,,,,,,,,,,,,,,,,,,,,,,,,,,,http://195.56.77.208/player/PIS-LUC/pisacane_luca
Cavaliero Daniele,Sidigas Avellino,Play/Guardia,31, ITA, Medie , , , ,8.3 ,21.8 ,2.7 ,2.7 ,1.2 ,2.3 , 50.0 ,0.0 ,1.5 ,4.5 , 33.3 ,1.5 ,1.8 , 81.8 ,0.3 ,1.5 ,1.8 ,0.2 ,0.2 ,1.3 ,0.7 ,3.7 ,8.7 ,0.929 ,3.0 ,-6.0 ,http://195.56.77.208/player/CAV-DAN-84/cavaliero_daniele
Balanzoni Jacopo,Openjobmetis Varese,Ala,21, ITA, Medie , , , ,0.3 ,9.0 ,2.0 ,0.7 ,0.0 ,0.7 , 0.0 ,0.0 ,0.0 ,0.3 , 0.0 ,0.3 ,0.7 , 50.0 ,0.0 ,1.3 ,1.3 ,0.0 ,0.7 ,1.0 ,0.7 ,0.0 ,-2.0 ,0.167 ,-0.3 ,1.0 ,http://195.56.77.208/player/BAL-JAC-93/balanzoni_jacopo
Chessa Massimo,Banco di Sardegna Sassari,Play/Guardia,26, ITA, Medie , , , ,0.0 ,2.5 ,2.0 ,0.5 ,0.0 ,0.0 , 0.0 ,0.0 ,0.0 ,0.5 , 0.0 ,0.0 ,0.0 , 0.0 ,0.0 ,0.0 ,0 ,0.0 ,0.0 ,0.0 ,0.0 ,0.0 ,-2.0 ,0.000 ,0.0 ,-0.5 ,http://195.56.77.208/player/CHE-MAS-88/chessa_massimo
Deane Willie,Openjobmetis Varese,Playmaker,35, USA, Medie , , , ,9.7 ,24.7 ,3.0 ,3.8 ,3.0 ,7.2 , 41.9 ,0.0 ,0.5 ,2.0 , 25.0 ,2.2 ,2.5 , 86.7 ,1.2 ,1.3 ,2.5 ,0.0 ,0.2 ,2.0 ,1.3 ,2.8 ,9.0 ,0.749 ,2.2 ,-1.2 ,http://195.56.77.208/player/DEA-WIL-80/deane_willie
Bianconi Corrado,Upea Capo d'Orlando,Guardia,20, ITA, Medie , , , ,0.0 ,1.0 ,1.0 ,0.0 ,0.0 ,0.0 , 0.0 ,0.0 ,0.0 ,0.0 , 0.0 ,0.0 ,0.0 , 0.0 ,0.0 ,0.0 ,0 ,0.0 ,0.0 ,0.0 ,0.0 ,0.0 ,-1.0 ,0.000 ,0.0 ,-2.0 ,http://195.56.77.208/player/BIA-COR/bianconi_corrado
Bellan Simone,Dolomiti Energia Trento,Guardia,19, ITA,,,,,,,,,,,,,,,,,,,,,,,,,,,,,,,http://195.56.77.208/player/BEL-SIM-96/bellan_simone
Hazell Jeremy,Granarolo Bologna,Guardia,29, USA, Medie , , , ,9.3 ,21.3 ,1.0 ,1.2 ,2.0 ,4.5 , 44.4 ,0.5 ,1.7 ,4.7 , 35.7 ,0.3 ,0.8 , 40.0 ,0.7 ,1.5 ,2.2 ,0.2 ,0.7 ,0.2 ,0.8 ,0.8 ,6.7 ,0.795 ,1.5 ,-0.8 ,http://195.56.77.208/player/HAZ-JER-86/hazell_jeremy
Harper Justin,Sidigas Avellino,Ala,25, USA, Medie , , , ,11.7 ,28.0 ,3.3 ,1.5 ,4.8 ,8.8 , 54.7 ,0.5 ,0.5 ,1.8 , 27.3 ,0.5 ,0.7 , 75.0 ,2.0 ,3.8 ,5.8 ,0.0 ,0.3 ,1.3 ,0.8 ,1.0 ,10.3 ,0.987 ,0.5 ,3.8 ,http://195.56.77.208/player/HAR-JUS-89/harper_justin
Melli Nicolò,EA7 Emporio Armani Milano,Ala,24, ITA, Medie , , , ,3.0 ,17.8 ,1.8 ,0.5 ,0.7 ,2.0 , 33.3 ,0.2 ,0.3 ,1.5 , 22.2 ,0.7 ,1.0 , 66.7 ,0.5 ,3.8 ,4.3 ,0.2 ,0.5 ,0.5 ,1.0 ,0.5 ,3.8 ,0.564 ,1.0 ,0.8 ,http://195.56.77.208/player/MEL-NIC-91/melli_nicol
Maspero Giacomo,Acqua Vitasnella CantÃ¹,Ala,22, ITA,,,,,,,,,,,,,,,,,,,,,,,,,,,,,,,http://195.56.77.208/player/MAS-GIA-92/maspero_giacomo
Jones Bobby,Acea Roma,Ala,31, USA, Medie , , , ,10.8 ,28.0 ,3.2 ,5.5 ,2.2 ,5.3 , 40.6 ,0.5 ,1.2 ,3.0 , 38.9 ,3.0 ,4.2 , 72.0 ,2.3 ,5.0 ,7.3 ,0.2 ,0.8 ,3.0 ,1.8 ,1.5 ,14.0 ,0.816 ,0.3 ,1.0 ,http://195.56.77.208/player/JON-BOB-84/jones_bobby
Hollis Damian,Acqua Vitasnella CantÃ¹,Ala,26, USA, Medie , , , ,7.0 ,23.7 ,2.7 ,1.2 ,1.0 ,1.8 , 54.6 ,0.2 ,1.5 ,3.2 , 47.4 ,0.5 ,0.7 , 75.0 ,1.5 ,3.2 ,4.7 ,0.5 ,0.0 ,1.3 ,0.3 ,0.5 ,7.5 ,1.092 ,-0.5 ,1.7 ,http://195.56.77.208/player/HOL-DAM-88/hollis_damian
Vanuzzo Manuel,Banco di Sardegna Sassari,Ala,40, ,,,,,,,,,,,,,,,,,,,,,,,,,,,,,,,http://195.56.77.208/player/VAN-MAN-75/vanuzzo_manuel
Sosa Edgar,Banco di Sardegna Sassari,Playmaker,27, USA, Medie , , , ,11.6 ,20.8 ,2.4 ,1.6 ,3.2 ,4.8 , 66.7 ,0.2 ,1.4 ,4.2 , 33.3 ,1.0 ,1.2 , 83.3 ,0.0 ,1.8 ,1.8 ,0.0 ,0.4 ,1.4 ,1.2 ,3.2 ,10.6 ,1.013 ,3.0 ,-2.8 ,http://195.56.77.208/player/SOS-EDG-88/sosa_edgar
Moore Cameron Todd,Umana Reyer Venezia,Centro,24, USA, Medie , , , ,6.0 ,12.7 ,1.7 ,1.8 ,2.0 ,3.8 , 52.2 ,0.3 ,0.0 ,0.0 , 0.0 ,2.0 ,2.5 , 80.0 ,1.0 ,4.0 ,5 ,0.2 ,0.3 ,1.2 ,0.3 ,0.2 ,8.0 ,1.071 ,-0.7 ,-2.7 ,http://195.56.77.208/player/MOO-CAM-90/moore_cameron_todd
Todic Miroslav,Banco di Sardegna Sassari,Ala,30, BIH, Medie , , , ,5.4 ,14.4 ,1.2 ,1.8 ,1.2 ,3.0 , 40.0 ,0.0 ,0.6 ,1.4 , 42.9 ,1.2 ,1.8 , 66.7 ,1.2 ,0.6 ,1.8 ,0.2 ,0.0 ,1.6 ,0.2 ,0.4 ,3.8 ,0.785 ,-1.0 ,-2.8 ,http://195.56.77.208/player/TOD-MIR-85/todic_miroslav
Mitchell Tony,Dolomiti Energia Trento,Ala,25, USA, Medie , , , ,19.8 ,31.7 ,2.0 ,5.2 ,5.7 ,12.3 , 46.0 ,1.2 ,2.0 ,7.8 , 25.5 ,2.5 ,4.2 , 60.0 ,1.0 ,3.8 ,4.8 ,1.2 ,0.2 ,2.5 ,1.5 ,3.2 ,16.8 ,0.797 ,2.2 ,1.7 ,http://195.56.77.208/player/MIT-TON-89/mitchell_tony
Ceron Marco,Umana Reyer Venezia,Guardia,22, ITA, Medie , , , ,1.8 ,7.0 ,0.8 ,0.2 ,0.0 ,0.6 , 0.0 ,0.0 ,0.4 ,0.8 , 50.0 ,0.6 ,0.6 , 100.0 ,0.0 ,0.8 ,0.8 ,0.0 ,0.0 ,0.6 ,0.0 ,0.0 ,0.4 ,0.491 ,-0.6 ,2.2 ,http://195.56.77.208/player/CER-MAR-92/ceron_marco
Rautins Andy,Openjobmetis Varese,Guardia,28, USA, Medie , , , ,14.2 ,33.2 ,2.7 ,1.5 ,0.5 ,2.7 , 18.8 ,0.0 ,4.2 ,8.0 , 52.1 ,0.7 ,1.0 , 66.7 ,0.2 ,3.8 ,4 ,0.0 ,0.0 ,1.7 ,1.0 ,1.2 ,11.2 ,1.032 ,0.5 ,-1.0 ,http://195.56.77.208/player/RAU-AND-86/rautins_andy
Gibson Kyle,Acea Roma,Guardia,27, USA, Medie , , , ,15.8 ,30.3 ,2.3 ,3.3 ,2.2 ,5.0 , 43.3 ,0.0 ,2.3 ,8.0 , 29.2 ,4.5 ,5.3 , 84.4 ,1.2 ,2.3 ,3.5 ,0.2 ,0.5 ,1.2 ,0.7 ,2.2 ,12.3 ,0.927 ,1.7 ,6.5 ,http://195.56.77.208/player/GIB-KYL-87/gibson_kyle
Ragland Joe,EA7 Emporio Armani Milano,Play/Guardia,25, USA, Medie , , , ,12.3 ,27.8 ,2.8 ,3.2 ,2.7 ,4.8 , 55.2 ,0.0 ,1.7 ,4.0 , 41.7 ,2.0 ,2.3 , 85.7 ,0.8 ,2.5 ,3.3 ,0.2 ,0.7 ,2.5 ,1.0 ,3.3 ,12.5 ,0.976 ,1.8 ,8.0 ,http://195.56.77.208/player/RAG-JOS-89/ragland_joe
Devecchi Giacomo,Banco di Sardegna Sassari,Guardia/Ala,30, , Medie , , , ,4.0 ,13.7 ,0.0 ,1.3 ,1.0 ,1.3 , 75.0 ,0.0 ,0.3 ,0.7 , 50.0 ,1.0 ,1.3 , 75.0 ,1.0 ,0.7 ,1.7 ,0.0 ,0.0 ,0.3 ,1.0 ,0.0 ,6.7 ,0.810 ,0.7 ,10.3 ,http://195.56.77.208/player/DEV-GIA/devecchi_giacomo
Della Valle Amedeo,Grissin Bon Reggio Emilia,Guardia,21, ITA, Medie , , , ,11.2 ,24.3 ,2.3 ,3.5 ,1.3 ,3.2 , 42.1 ,0.0 ,1.3 ,5.0 , 26.7 ,4.5 ,5.0 , 90.0 ,0.7 ,2.0 ,2.7 ,0.2 ,0.5 ,1.3 ,1.0 ,1.3 ,9.7 ,0.829 ,1.0 ,8.5 ,http://195.56.77.208/player/DEL-AME-93/della_valle_amedeo
Anosike O.D.,Sidigas Avellino,Centro,24, USA, Medie , , , ,13.8 ,30.0 ,2.0 ,4.2 ,5.8 ,8.3 , 70.0 ,2.3 ,0.0 ,0.0 , 0.0 ,2.2 ,3.5 , 61.9 ,4.5 ,7.7 ,12.2 ,0.3 ,0.7 ,2.8 ,0.5 ,1.0 ,22.7 ,1.087 ,-1.3 ,6.8 ,http://195.56.77.208/player/ANO-ODE-91/anosike_o_d
Colombo Stefano,EA7 Emporio Armani Milano,Guardia,48, , Medie , , , ,0.0 ,1.0 ,0.0 ,0.0 ,0.0 ,0.0 , 0.0 ,0.0 ,0.0 ,0.0 , 0.0 ,0.0 ,0.0 , 0.0 ,0.0 ,0.0 ,0 ,0.0 ,0.0 ,0.0 ,0.0 ,0.0 ,0.0 ,0.000 ,0.0 ,2.0 ,http://195.56.77.208/player/COL-STE-00/colombo_stefano
Casella Andrea,Openjobmetis Varese,Ala,24, ITA, Medie , , , ,4.5 ,11.5 ,1.5 ,0.0 ,0.0 ,0.5 , 0.0 ,0.0 ,1.5 ,4.5 , 33.3 ,0.0 ,0.0 , 0.0 ,1.0 ,1.5 ,2.5 ,0.0 ,0.5 ,0.0 ,0.5 ,0.5 ,2.5 ,0.450 ,1.0 ,-6.0 ,http://195.56.77.208/player/CAS-AND-90/casella_andrea
Basile Gianluca,Upea Capo d'Orlando,Guardia,40, ITA, Medie , , , ,1.8 ,23.0 ,2.7 ,0.2 ,0.5 ,0.8 , 60.0 ,0.0 ,0.2 ,3.0 , 5.6 ,0.3 ,0.5 , 66.7 ,0.5 ,1.0 ,1.5 ,0.0 ,0.2 ,1.0 ,1.2 ,3.2 ,0.7 ,0.341 ,3.3 ,4.8 ,http://195.56.77.208/player/BAS-GIA-75/basile_gianluca
Baldi Rossi Filippo,Dolomiti Energia Trento,Centro,23, ITA, Medie , , , ,3.2 ,17.8 ,2.7 ,0.7 ,0.7 ,1.8 , 36.4 ,0.3 ,0.3 ,1.7 , 20.0 ,0.8 ,1.3 , 62.5 ,1.2 ,3.5 ,4.7 ,0.2 ,0.2 ,0.7 ,0.7 ,1.2 ,4.0 ,0.641 ,1.2 ,-3.3 ,http://195.56.77.208/player/BAL-FIL-91/baldi_rossi_filippo
Aldi Alessandro,Pasta Reggia Caserta,Playmaker,17, ITA,,,,,,,,,,,,,,,,,,,,,,,,,,,,,,,http://195.56.77.208/player/ALD-ALE-90/aldi_alessandro
Hackett Daniel,EA7 Emporio Armani Milano,Guardia,27, ITA,,,,,,,,,,,,,,,,,,,,,,,,,,,,,,,http://195.56.77.208/player/HAC-DAN-87/hackett_daniel
Myles Anthony,Consultinvest Pesaro,Guardia,22, USA, Medie , , , ,14.8 ,30.8 ,2.0 ,4.0 ,3.2 ,6.2 , 51.6 ,0.2 ,1.6 ,5.6 , 28.6 ,3.6 ,4.8 , 75.0 ,0.2 ,2.2 ,2.4 ,0.0 ,0.2 ,3.0 ,0.8 ,1.0 ,9.6 ,0.810 ,-1.2 ,-11.4 ,http://195.56.77.208/player/MYL-ANT-92/myles_anthony
Gioia Lorenzo,Sidigas Avellino,Guardia,16, ITA,,,,,,,,,,,,,,,,,,,,,,,,,,,,,,,http://195.56.77.208/player/GIO-LOR/gioia_lorenzo
Gilchrist Augustus,Granarolo Bologna,Ala,25, USA, Medie , , , ,6.3 ,19.8 ,1.7 ,2.2 ,2.5 ,6.2 , 40.5 ,0.5 ,0.0 ,0.0 , 0.0 ,1.3 ,2.7 , 50.0 ,2.0 ,3.2 ,5.2 ,0.2 ,0.7 ,1.3 ,0.3 ,0.2 ,5.7 ,0.750 ,-0.8 ,-2.2 ,http://195.56.77.208/player/GIL-AUG-89/gilchrist_augustus
Ejim Melvin,Acea Roma,Ala,24, CAN, Medie , , , ,5.8 ,24.0 ,2.7 ,1.2 ,1.8 ,4.2 , 44.0 ,0.3 ,0.5 ,2.2 , 23.1 ,0.7 ,0.7 , 100.0 ,2.2 ,2.8 ,5 ,0.3 ,0.2 ,2.5 ,1.7 ,0.7 ,5.3 ,0.658 ,-0.2 ,2.5 ,http://195.56.77.208/player/EJI-MEL-91/ejim_melvin
Clark Cameron,Vanoli Cremona,Ala,23, USA, Medie , , , ,14.0 ,29.7 ,3.8 ,2.8 ,4.7 ,8.7 , 53.9 ,0.3 ,0.8 ,3.0 , 27.8 ,2.2 ,2.8 , 76.5 ,1.5 ,4.5 ,6 ,0.3 ,0.3 ,1.2 ,2.2 ,0.8 ,14.0 ,0.984 ,1.8 ,9.3 ,http://195.56.77.208/player/CLA-CAM-91/clark_cameron
Burgess Bradford,Upea Capo d'Orlando,Ala,24, USA, Medie , , , ,8.7 ,29.2 ,2.7 ,2.3 ,1.8 ,3.2 , 57.9 ,0.2 ,1.0 ,2.3 , 42.9 ,2.0 ,2.8 , 70.6 ,0.5 ,3.0 ,3.5 ,0.0 ,0.5 ,1.5 ,0.7 ,1.5 ,8.5 ,0.891 ,0.7 ,-4.0 ,http://195.56.77.208/player/BUR-BRA-90/burgess_bradford
Bell James,Vanoli Cremona,Ala,23, USA, Medie , , , ,9.7 ,28.3 ,2.3 ,1.3 ,1.8 ,3.5 , 52.4 ,0.3 ,1.7 ,5.7 , 29.4 ,1.0 ,1.2 , 85.7 ,0.8 ,4.0 ,4.8 ,0.8 ,0.3 ,1.8 ,1.3 ,0.7 ,8.3 ,0.842 ,0.2 ,0.3 ,http://195.56.77.208/player/BEL-JAM-92/bell_james
Denmon Marcus,Enel Brindisi,Guardia,25, USA, Medie , , , ,17.5 ,29.5 ,2.3 ,2.7 ,3.0 ,6.0 , 50.0 ,0.2 ,3.0 ,7.3 , 40.9 ,2.5 ,3.0 , 83.3 ,0.5 ,2.7 ,3.2 ,0.2 ,0.7 ,1.7 ,0.3 ,1.3 ,12.7 ,1.035 ,-0.0 ,4.2 ,http://195.56.77.208/player/DEN-MAR-90/denmon_marcus
Bianchi Tommaso,Giorgio Tesi Group Pistoia,Play/Guardia,18, ITA,,,,,,,,,,,,,,,,,,,,,,,,,,,,,,,http://195.56.77.208/player/BIA-TOM-96/bianchi_tommaso
Callahan Craig,Openjobmetis Varese,Ala,33, USA, Medie , , , ,6.8 ,15.5 ,2.8 ,2.3 ,1.0 ,2.0 , 50.0 ,0.3 ,1.3 ,3.0 , 41.7 ,1.0 ,1.5 , 66.7 ,0.8 ,2.5 ,3.3 ,0.0 ,0.3 ,0.8 ,0.5 ,0.3 ,6.0 ,1.083 ,0.0 ,-4.3 ,http://195.56.77.208/player/CAL-CRA-81/callahan_craig
